a1,a1a1,a2,a2a2,a3,a3a3,a4a4,a5a5,a6a6,a7a7,a8a8,a9a9,b1b1,b2,b3,b4,b5,b5a1,b5b2,b5b5,cluster,X
11,0,0,0,0,0,0,0,0,0,0,0,0,33,0,0,20,0,0,5,1,1
7,0,0,0,0,0,0,0,0,0,0,0,0,30,0,0,11,0,0,10,2,10
11,0,0,0,0,0,0,0,0,0,0,0,0,30,0,0,24,0,0,0,3,100
0,0,0,0,0,0,0,0,0,0,0,0,0,33,0,0,23,0,0,0,4,1000
0,0,0,0,0,11,0,0,0,0,0,0,0,0,0,0,0,0,0,0,5,1001
0,0,0,0,0,11,0,0,0,0,0,0,0,0,0,0,0,0,0,0,5,1002
0,0,0,9,0,0,0,0,0,0,0,0,0,0,0,0,0,0,0,0,6,1003
0,0,0,7,0,0,0,0,0,0,0,0,0,0,0,0,0,0,0,0,6,1004
0,0,0,0,0,9,0,0,0,0,0,0,0,0,0,0,0,0,0,0,5,1005
0,0,0,0,0,5,0,0,0,0,0,0,0,0,0,0,0,0,0,0,7,1006
0,0,0,0,0,0,0,0,0,9,0,0,0,0,0,0,0,0,0,0,8,1008
0,0,0,0,0,0,0,14,0,0,0,0,0,0,0,0,0,0,0,0,9,1009
5,0,0,0,0,0,0,0,0,0,0,0,0,46,0,0,31,0,0,0,10,101
0,0,0,0,0,5,0,0,0,0,0,0,0,0,0,0,0,0,0,0,7,1010
0,0,0,0,0,0,0,0,0,7,0,0,0,0,0,0,0,0,0,0,11,1011
0,0,0,15,0,0,0,0,0,0,0,0,0,0,0,0,0,0,0,0,12,1012
0,0,0,8,0,0,0,0,0,0,0,0,0,0,0,0,0,0,0,0,6,1013
0,0,0,14,0,0,0,0,0,0,0,0,0,0,0,0,0,0,0,0,12,1014
0,0,0,8,0,0,0,0,0,0,0,0,0,0,0,0,0,0,0,0,6,1015
0,0,0,6,0,0,0,0,0,0,0,0,0,0,0,0,0,0,0,0,6,1016
0,0,0,0,0,5,0,0,0,0,0,0,0,0,0,0,0,0,0,0,7,1017
0,0,0,0,0,0,12,0,0,0,0,0,0,0,0,0,0,0,0,0,7,1018
0,0,0,5,0,0,0,0,0,0,0,0,0,0,0,0,0,0,0,0,6,1019
9,0,0,0,0,0,0,0,0,0,0,0,0,24,0,0,13,0,5,0,2,102
0,0,0,0,0,0,0,0,0,8,0,0,0,0,0,0,0,0,0,0,13,1020
0,0,0,7,0,0,0,0,0,0,0,0,0,0,0,0,0,0,0,0,6,1021
0,0,0,0,0,0,0,0,0,0,0,6,0,0,0,0,0,0,0,0,7,1022
0,0,6,0,0,0,0,0,0,0,0,0,0,0,0,0,0,0,0,0,7,1024
0,0,0,0,0,8,0,0,0,0,0,0,0,0,0,0,0,0,0,0,5,1025
0,0,0,12,0,0,0,0,0,0,0,0,0,0,0,0,0,0,0,0,12,1026
0,0,0,0,0,0,0,6,0,0,0,0,0,0,0,0,0,0,0,0,7,1027
0,0,0,0,0,0,0,0,0,9,0,0,0,0,0,0,0,0,0,0,8,1028
0,0,0,0,0,8,0,0,0,0,0,0,0,0,0,0,0,0,0,0,5,1029
6,0,0,0,0,0,0,0,0,0,0,0,0,28,0,0,12,0,5,7,2,103
0,0,0,8,0,0,0,0,0,0,0,0,0,0,0,0,0,0,0,0,6,1030
0,0,0,7,0,0,0,0,0,0,0,0,0,0,0,0,0,0,0,0,6,1032
0,0,0,0,0,0,6,0,0,0,0,0,0,0,0,0,0,0,0,0,7,1033
0,0,0,13,0,0,0,0,0,0,0,0,0,0,0,0,0,0,0,0,12,1034
0,0,0,0,0,8,0,0,0,0,0,0,0,0,0,0,0,0,0,0,5,1035
0,0,0,9,0,0,0,0,0,0,0,0,0,0,0,0,0,0,0,0,6,1037
0,0,0,6,0,0,0,0,0,0,0,0,0,0,0,0,0,0,0,0,6,1038
0,6,0,0,0,13,0,0,0,0,0,0,0,0,0,0,0,0,0,0,5,1039
10,0,0,0,0,0,0,0,0,0,0,0,0,22,0,0,16,0,0,0,3,104
0,0,0,8,0,0,0,0,0,0,0,0,0,0,0,0,0,0,0,0,6,1040
0,0,0,8,0,0,0,0,0,0,0,0,0,0,0,0,0,0,0,0,6,1041
0,0,0,0,0,11,0,0,0,0,0,0,0,0,0,0,0,0,0,0,5,1042
0,0,0,8,0,0,0,0,0,0,0,0,0,0,0,0,0,0,0,0,6,1043
0,0,0,0,0,9,0,0,0,0,0,0,0,0,0,0,0,0,0,0,5,1044
0,0,0,0,0,11,0,0,0,0,0,0,0,0,0,0,0,0,0,0,5,1045
0,0,0,7,0,0,0,0,0,0,0,0,0,0,0,0,0,0,0,0,6,1046
0,0,0,0,0,9,0,0,0,0,0,0,0,0,0,0,0,0,0,0,5,1047
0,0,0,0,0,12,0,0,0,0,0,0,0,0,0,0,0,0,0,0,5,1048
0,0,0,0,0,0,0,0,0,9,0,0,0,0,0,0,0,0,0,0,8,1049
9,0,0,0,0,0,0,0,0,0,0,0,0,21,0,0,8,0,0,7,2,105
0,0,0,11,0,0,0,0,0,0,0,0,0,0,0,0,0,0,0,0,6,1050
0,0,0,7,0,0,0,0,0,0,0,0,0,0,0,0,0,0,0,0,6,1052
0,0,0,0,0,12,0,0,0,0,0,0,0,0,0,0,0,0,0,0,5,1053
0,0,0,0,0,13,0,0,0,0,0,0,0,0,0,0,0,0,0,0,5,1054
0,0,0,0,0,14,0,0,0,0,0,0,0,0,0,0,0,0,0,0,5,1055
0,0,0,7,0,0,0,0,0,0,0,0,0,0,0,0,0,0,0,0,6,1057
0,0,0,8,0,0,0,0,0,0,0,0,0,0,0,0,0,0,0,0,6,1058
0,0,0,8,0,0,0,0,0,0,0,0,0,0,0,0,0,0,0,0,6,1059
6,0,0,0,0,0,0,0,0,0,0,0,0,29,0,0,12,0,0,7,2,106
0,0,0,0,0,0,0,0,0,10,0,0,0,0,0,0,0,0,0,0,8,1060
0,0,0,10,0,0,0,0,0,0,0,0,0,0,0,0,0,0,0,0,6,1062
0,0,0,0,0,7,0,0,0,0,0,0,0,0,0,0,0,0,0,0,7,1063
0,0,0,0,0,0,5,0,0,0,0,0,0,0,0,0,0,0,0,0,7,1064
0,0,0,0,0,8,0,0,0,0,0,0,0,0,0,0,0,0,0,0,5,1065
0,0,0,0,0,8,0,0,0,0,0,0,0,0,0,0,0,0,0,0,5,1066
0,0,0,0,0,0,13,0,0,0,0,0,0,0,0,0,0,0,0,0,7,1067
0,0,0,7,0,0,0,0,0,0,0,0,0,0,0,0,0,0,0,0,6,1068
0,0,0,0,0,0,5,0,0,0,0,0,0,0,0,0,0,0,0,0,7,1069
14,0,0,0,0,0,0,0,0,0,0,0,0,23,0,0,9,0,0,0,2,107
0,0,0,10,0,0,0,0,0,0,0,0,0,0,0,0,0,0,0,0,6,1070
0,0,0,0,0,9,0,0,0,0,0,0,0,0,0,0,0,0,0,0,5,1071
0,0,0,0,0,6,0,0,0,0,0,0,0,0,0,0,0,0,0,0,7,1073
0,0,0,8,0,0,0,0,0,0,0,0,0,0,0,0,0,0,0,0,6,1075
0,0,0,6,0,0,0,0,0,0,0,0,0,0,0,0,0,0,0,0,6,1076
0,5,0,0,0,0,0,0,0,0,0,0,0,0,0,0,0,0,0,0,7,1077
0,0,0,0,0,7,0,0,0,0,0,0,0,0,0,0,0,0,0,0,7,1078
0,0,0,0,0,11,0,0,0,0,0,0,0,0,0,0,0,0,0,0,5,1079
0,0,0,0,0,0,0,0,0,0,0,0,0,36,0,0,28,0,0,0,4,108
0,0,0,0,0,12,0,0,0,0,0,0,0,0,0,0,0,0,0,0,5,1082
0,0,0,5,0,0,0,0,0,0,0,0,0,0,0,0,0,0,0,0,6,1083
0,0,0,15,0,0,0,0,0,0,0,0,0,0,0,0,0,0,0,0,12,1084
0,0,0,0,0,5,0,0,0,0,0,0,0,0,0,0,0,0,0,0,7,1085
0,0,0,0,0,6,0,0,0,0,0,0,0,0,0,0,0,0,0,0,7,1086
0,0,0,0,0,10,0,0,0,0,0,0,0,0,0,0,0,0,0,0,5,1088
0,0,0,0,0,11,0,0,0,0,0,0,0,0,0,0,0,0,0,0,5,1089
10,0,0,0,0,0,0,0,0,0,0,0,0,32,0,0,12,0,0,8,2,109
0,0,0,0,0,11,0,0,0,0,0,0,0,0,0,0,0,0,0,0,5,1091
0,0,0,8,0,0,0,0,0,0,0,0,0,0,0,0,0,0,0,0,6,1093
0,0,0,12,0,0,0,0,0,0,0,0,0,0,0,0,0,0,0,0,12,1094
0,0,0,9,0,0,0,0,0,0,0,0,0,0,0,0,0,0,0,0,6,1095
0,0,0,0,0,0,0,12,0,0,0,0,0,0,0,0,0,0,0,0,9,1096
0,0,0,10,0,0,0,0,0,0,0,0,0,0,0,0,0,0,0,0,6,1097
0,0,0,0,0,21,0,0,0,0,0,0,0,0,0,0,0,0,0,0,5,1099
9,0,0,0,0,0,0,0,0,0,0,0,0,27,0,0,9,0,0,5,2,11
14,0,0,0,0,0,0,0,0,0,0,0,0,34,0,0,10,0,0,13,2,110
0,0,0,9,0,0,0,0,0,0,0,0,0,0,0,0,0,0,0,0,6,1100
0,0,0,7,0,0,0,0,0,0,0,0,0,0,0,0,0,0,0,0,6,1101
0,0,0,0,0,6,0,0,0,0,0,0,0,0,0,0,0,0,0,0,7,1102
0,0,0,0,0,7,0,0,0,0,0,0,0,0,0,0,0,0,0,0,7,1103
0,0,0,0,0,0,0,0,0,10,0,0,0,0,0,0,0,0,0,0,8,1104
0,0,0,0,0,9,0,0,0,0,0,0,0,0,0,0,0,0,0,0,5,1105
0,0,0,5,0,0,0,0,0,0,0,0,0,0,0,0,0,0,0,0,6,1106
0,0,0,10,0,0,0,0,0,0,0,0,0,0,0,0,0,0,0,0,6,1107
0,0,0,0,0,6,0,0,0,0,0,0,0,0,0,0,0,0,0,0,7,1108
0,0,0,8,0,0,0,0,0,0,0,0,0,0,0,0,0,0,0,0,6,1109
12,0,0,0,0,0,0,0,0,0,0,0,0,33,0,0,8,0,0,15,2,111
0,0,0,0,0,11,0,0,0,0,0,0,0,0,0,0,0,0,0,0,5,1110
0,0,0,0,0,13,0,0,0,0,0,0,0,0,0,0,0,0,0,0,5,1111
0,0,0,0,0,0,0,0,0,8,0,0,0,0,0,0,0,0,0,0,13,1112
0,0,0,0,0,0,0,0,0,0,0,0,8,0,0,0,0,0,0,0,7,1113
0,0,0,0,0,10,0,0,0,0,0,0,0,0,0,0,0,0,0,0,5,1115
0,0,0,0,0,0,0,0,0,0,0,0,5,0,0,0,0,0,0,0,7,1116
0,0,0,0,0,9,0,0,0,0,0,0,0,0,0,0,0,0,0,0,5,1118
0,0,0,6,0,0,0,0,0,0,0,0,0,0,0,0,0,0,0,0,6,1119
8,0,0,0,0,0,0,0,0,0,0,0,0,29,0,0,22,0,0,0,3,112
0,0,0,0,0,0,10,0,0,0,0,0,0,0,0,0,0,0,0,0,7,1121
0,0,0,17,0,0,0,0,0,0,0,0,0,0,0,0,0,0,0,0,12,1123
0,0,0,6,0,0,0,0,0,0,0,0,0,0,0,0,0,0,0,0,6,1124
0,0,0,0,0,0,5,0,0,0,0,0,0,0,0,0,0,0,0,0,7,1125
0,0,0,0,0,13,0,0,0,0,0,0,0,0,0,0,0,0,0,0,5,1126
0,0,0,0,0,0,0,0,0,9,0,0,0,0,0,0,0,0,0,0,8,1127
0,0,0,5,0,0,0,0,0,0,0,0,0,0,0,0,0,0,0,0,6,1128
0,0,0,5,0,7,0,0,0,0,0,0,0,0,0,0,0,0,0,0,7,1129
6,0,0,0,0,0,0,0,0,0,0,0,0,23,0,0,9,0,0,6,2,113
0,0,0,11,0,0,0,0,0,0,0,0,0,0,0,0,0,0,0,0,6,1131
0,0,0,9,0,0,0,0,0,0,0,0,0,0,0,0,0,0,0,0,6,1132
0,0,0,0,0,6,0,0,0,0,0,0,0,0,0,0,0,0,0,0,7,1133
0,0,0,10,0,0,0,0,0,0,0,0,0,0,0,0,0,0,0,0,6,1134
0,0,0,0,0,0,0,0,0,10,0,0,0,0,0,0,0,0,0,0,8,1135
0,0,0,12,0,0,0,0,0,0,0,0,0,0,0,0,0,0,0,0,12,1136
0,0,0,8,0,0,0,0,0,0,0,0,0,0,0,0,0,0,0,0,6,1137
0,0,0,0,0,12,0,0,0,0,0,0,0,0,0,0,0,0,0,0,5,1138
7,0,0,0,0,0,0,0,0,0,0,0,0,34,0,0,15,0,0,5,1,114
0,0,0,5,0,0,0,0,0,0,0,0,0,0,0,0,0,0,0,0,6,1141
0,0,0,0,0,8,0,0,0,0,0,0,0,0,0,0,0,0,0,0,5,1144
0,0,0,9,0,0,0,0,0,0,0,0,0,0,0,0,0,0,0,0,6,1145
0,0,0,10,0,0,0,0,0,0,0,0,0,0,0,0,0,0,0,0,6,1146
0,0,0,9,0,0,0,0,0,0,0,0,0,0,0,0,0,0,0,0,6,1147
0,0,0,10,0,0,0,0,0,0,0,0,0,0,0,0,0,0,0,0,6,1148
0,0,0,10,0,0,0,0,0,0,0,0,0,0,0,0,0,0,0,0,6,1149
5,0,0,0,0,0,0,0,0,0,0,0,0,28,0,0,20,0,0,0,3,115
0,0,0,0,0,10,0,0,0,0,0,0,0,0,0,0,0,0,0,0,5,1150
0,0,0,6,0,0,0,0,0,0,0,0,0,0,0,0,0,0,0,0,6,1151
0,0,0,0,0,19,0,0,0,0,0,0,0,0,0,0,0,0,0,0,5,1153
0,0,0,0,0,20,0,0,0,0,0,0,0,0,0,0,0,0,0,0,5,1154
0,0,0,12,0,0,0,0,0,0,0,0,0,0,0,0,0,0,0,0,12,1155
0,0,0,5,0,0,0,0,0,0,0,0,0,0,0,0,0,0,0,0,6,1156
0,0,0,6,0,0,0,0,0,0,0,0,0,0,0,0,0,0,0,0,6,1157
0,0,0,0,0,5,0,0,0,0,0,0,0,0,0,0,0,0,0,0,7,1159
6,0,0,0,0,0,0,0,0,0,0,0,0,37,0,0,31,0,0,0,10,116
0,0,0,0,0,7,0,0,0,0,0,0,0,0,0,0,0,0,0,0,7,1161
0,0,0,8,0,0,0,0,0,0,0,0,0,0,0,0,0,0,0,0,6,1162
0,0,0,8,0,0,0,0,0,0,0,0,0,0,0,0,0,0,0,0,6,1163
0,0,0,8,0,0,0,0,0,0,0,0,0,0,0,0,0,0,0,0,6,1164
0,0,0,0,0,10,0,0,0,0,0,0,0,0,0,0,0,0,0,0,5,1165
0,0,0,0,0,12,0,0,0,0,0,0,0,0,0,0,0,0,0,0,5,1166
0,0,0,0,0,12,0,0,0,0,0,0,0,0,0,0,0,0,0,0,5,1167
0,0,0,8,0,0,0,0,0,0,0,0,0,0,0,0,0,0,0,0,6,1168
0,0,0,6,0,0,0,0,0,0,0,0,0,0,0,0,0,0,0,0,6,1169
10,0,0,0,0,0,0,0,0,0,0,0,0,38,0,0,33,0,0,0,10,117
0,0,0,0,0,11,0,0,0,0,0,0,0,0,0,0,0,0,0,0,5,1170
0,0,6,7,0,0,0,0,0,0,0,0,0,0,0,0,0,0,0,0,6,1171
0,0,0,0,0,0,0,0,0,0,0,0,6,0,0,0,0,0,0,0,7,1172
0,0,0,0,0,6,0,0,0,0,0,0,0,0,0,0,0,0,0,0,7,1174
0,0,0,6,0,0,0,0,0,0,0,0,0,0,0,0,0,0,0,0,6,1175
0,0,0,0,0,8,0,0,0,0,0,0,0,0,0,0,0,0,0,0,5,1177
0,0,0,5,0,0,0,0,0,0,0,0,0,0,0,0,0,0,0,0,6,1178
0,0,0,0,0,0,0,0,0,0,0,7,0,0,0,0,0,0,0,0,7,1179
10,0,0,0,0,0,0,0,0,0,0,0,0,37,0,0,12,0,6,11,2,118
0,0,0,0,0,0,12,0,0,0,0,0,0,0,0,0,0,0,0,0,7,1180
0,0,0,0,0,0,12,0,0,0,0,0,0,0,0,0,0,0,0,0,7,1181
0,0,0,0,0,5,0,0,0,0,0,0,0,0,0,0,0,0,0,0,7,1182
0,0,0,0,0,12,0,0,0,0,0,0,0,0,0,0,0,0,0,0,5,1183
0,0,0,9,0,0,0,0,0,0,0,0,0,0,0,0,0,0,0,0,6,1184
0,0,6,0,0,0,0,0,0,0,0,0,0,0,0,0,0,0,0,0,7,1185
0,0,0,0,0,8,0,0,0,0,0,0,0,0,0,0,0,0,0,0,5,1187
0,0,0,7,0,0,0,0,0,0,0,0,0,0,0,0,0,0,0,0,6,1188
0,0,0,5,0,0,0,0,0,0,0,0,0,0,0,0,0,0,0,0,6,1189
11,0,0,0,0,0,0,0,0,0,0,0,0,40,0,0,13,0,0,9,1,119
0,0,0,0,0,12,0,0,0,0,0,0,0,0,0,0,0,0,0,0,5,1190
0,0,0,0,0,0,0,0,0,11,0,0,0,0,0,0,0,0,0,0,8,1192
0,0,0,8,0,0,0,0,0,0,0,0,0,0,0,0,0,0,0,0,6,1194
0,0,0,8,0,0,0,0,0,0,0,0,0,0,0,0,0,0,0,0,6,1195
0,0,0,10,0,0,0,0,0,0,0,0,0,0,0,0,0,0,0,0,6,1196
0,0,0,9,0,0,0,0,0,0,0,0,0,0,0,0,0,0,0,0,6,1198
0,0,0,0,0,8,0,0,0,0,0,0,0,0,0,0,0,0,0,0,5,1199
7,0,0,0,0,0,0,0,0,0,0,0,0,30,0,0,18,0,0,0,3,12
0,0,0,0,0,0,0,0,0,0,0,0,0,19,0,0,8,0,0,0,2,120
0,0,0,12,0,0,0,0,0,0,0,0,0,0,0,0,0,0,0,0,12,1200
0,0,0,11,0,0,0,0,0,0,0,0,0,0,0,0,0,0,0,0,6,1201
0,0,0,8,0,0,0,0,0,0,0,0,0,0,0,0,0,0,0,0,6,1202
0,0,0,8,0,0,0,0,0,0,0,0,0,0,0,0,0,0,0,0,6,1203
0,0,0,0,0,9,0,0,0,0,0,0,0,0,0,0,0,0,0,0,5,1205
0,0,0,0,0,0,6,0,0,0,0,0,0,0,0,0,0,0,0,0,7,1206
0,0,0,9,0,0,0,0,0,0,0,0,0,0,0,0,0,0,0,0,6,1208
0,0,0,8,0,0,0,0,0,0,0,0,0,0,0,0,0,0,0,0,6,1209
6,0,0,0,0,0,0,0,0,0,0,0,0,23,0,0,11,0,0,0,2,121
0,0,0,5,0,0,0,0,0,0,0,0,0,0,0,0,0,0,0,0,6,1211
0,0,0,6,0,0,0,0,0,0,0,0,0,0,0,0,0,0,0,0,6,1212
0,0,0,0,0,6,0,0,0,0,0,0,0,0,0,0,0,0,0,0,7,1213
0,0,0,0,0,0,0,0,0,10,0,0,0,0,0,0,0,0,0,0,8,1214
0,0,0,10,0,0,0,0,0,0,0,0,0,0,0,0,0,0,0,0,6,1216
0,0,0,8,0,0,0,0,0,0,0,0,0,0,0,0,0,0,0,0,6,1217
0,0,0,9,0,0,0,0,0,0,0,0,0,0,0,0,0,0,0,0,6,1218
0,0,0,11,0,0,0,0,0,0,0,0,0,0,0,0,0,0,0,0,6,1219
10,0,0,0,0,0,0,0,0,0,0,0,0,28,0,0,6,0,0,13,2,122
0,0,0,0,0,13,0,0,0,0,0,0,0,0,0,0,0,0,0,0,5,1220
0,0,0,0,0,0,0,0,0,9,0,0,0,0,0,0,0,0,0,0,8,1221
0,0,0,0,0,0,0,0,0,0,9,0,0,0,0,0,0,0,0,0,7,1222
0,0,0,11,0,0,0,0,0,0,0,0,0,0,0,0,0,0,0,0,6,1223
0,0,0,0,0,8,0,0,0,0,0,0,0,0,0,0,0,0,0,0,5,1224
0,0,0,0,0,9,0,0,0,0,0,0,0,0,0,0,0,0,0,0,5,1225
0,0,0,0,0,0,12,0,0,0,0,0,0,0,0,0,0,0,0,0,7,1227
0,0,0,10,0,0,0,0,0,0,0,0,0,0,0,0,0,0,0,0,6,1228
0,0,0,0,5,9,0,0,0,0,0,0,0,0,0,0,0,0,0,0,5,1229
6,0,0,0,0,0,0,0,0,0,0,0,0,29,0,0,8,0,6,9,2,123
0,0,0,14,0,0,0,0,0,0,0,0,0,0,0,0,0,0,0,0,12,1230
0,0,0,7,0,0,0,0,0,0,0,0,0,0,0,0,0,0,0,0,6,1231
0,0,0,9,0,0,0,0,0,0,0,0,0,0,0,0,0,0,0,0,6,1232
0,0,0,0,0,10,0,0,0,0,0,0,0,0,0,0,0,0,0,0,5,1233
0,0,0,0,0,8,0,0,0,0,0,0,0,0,0,0,0,0,0,0,5,1234
0,0,0,7,0,0,0,0,0,0,0,0,0,0,0,0,0,0,0,0,6,1236
0,0,0,0,0,7,0,0,0,0,0,0,0,0,0,0,0,0,0,0,7,1237
0,0,0,0,0,0,11,0,0,0,0,0,0,0,0,0,0,0,0,0,7,1238
0,0,0,5,0,5,0,0,0,0,0,0,0,0,0,0,0,0,0,0,7,1239
9,0,0,0,0,0,0,0,0,0,0,0,0,31,0,0,13,0,6,7,2,124
0,0,0,11,0,0,0,0,0,0,0,0,0,0,0,0,0,0,0,0,6,1240
0,0,0,17,0,0,0,0,0,0,0,0,0,0,0,0,0,0,0,0,12,1241
0,0,0,0,0,5,6,0,0,0,0,0,0,0,0,0,0,0,0,0,7,1242
0,0,0,10,0,0,0,0,0,0,0,0,0,0,0,0,0,0,0,0,6,1245
0,0,0,0,0,0,0,11,0,0,0,0,0,0,0,0,0,0,0,0,9,1246
0,0,0,8,0,0,0,0,0,0,0,0,0,0,0,0,0,0,0,0,6,1247
0,0,0,8,0,0,0,0,0,0,0,0,0,0,0,0,0,0,0,0,6,1248
0,0,0,5,0,0,0,0,0,0,0,0,0,0,0,0,0,0,0,0,6,1249
7,0,0,0,0,0,0,0,0,0,0,0,0,25,0,0,10,0,0,6,2,125
0,0,0,0,0,16,0,0,0,0,0,0,0,0,0,0,0,0,0,0,5,1250
0,0,0,0,0,11,0,0,0,0,0,0,0,0,0,0,0,0,0,0,5,1251
0,0,0,0,0,8,0,0,0,0,0,0,0,0,0,0,0,0,0,0,5,1252
0,0,0,0,0,13,0,0,0,0,0,0,0,0,0,0,0,0,0,0,5,1253
0,0,0,0,0,14,0,0,0,0,0,0,0,0,0,0,0,0,0,0,5,1255
0,0,0,7,0,0,0,0,0,0,0,0,0,0,0,0,0,0,0,0,6,1256
0,0,0,0,0,10,0,0,0,0,0,0,0,0,0,0,0,0,0,0,5,1257
0,0,0,0,0,0,0,0,0,9,0,0,0,0,0,0,0,0,0,0,8,1258
0,0,0,0,0,9,0,0,0,0,0,0,0,0,0,0,0,0,0,0,5,1259
10,0,0,0,0,0,0,0,0,0,0,0,0,25,0,0,14,0,7,5,2,126
0,0,0,8,0,0,0,0,0,0,0,0,0,0,0,0,0,0,0,0,6,1261
0,0,0,0,0,0,11,0,0,0,0,0,0,0,0,0,0,0,0,0,7,1263
0,0,6,0,0,0,0,0,0,0,0,0,0,0,0,0,0,0,0,0,7,1264
0,0,0,15,0,0,0,0,0,0,0,0,0,0,0,0,0,0,0,0,12,1265
0,0,0,7,0,0,0,0,0,0,0,0,0,0,0,0,0,0,0,0,6,1266
0,0,0,0,0,7,0,0,0,0,0,0,0,0,0,0,0,0,0,0,7,1267
0,0,0,0,0,8,0,0,0,0,0,0,0,0,0,0,0,0,0,0,5,1269
6,0,0,0,0,0,0,0,0,0,0,0,0,46,0,0,23,0,6,11,10,127
0,0,0,9,0,0,0,0,0,0,0,0,0,0,0,0,0,0,0,0,6,1270
0,0,0,0,0,0,0,0,0,6,0,0,0,0,0,0,0,0,0,0,11,1271
0,0,0,0,0,13,0,0,0,0,0,0,0,0,0,0,0,0,0,0,5,1272
0,0,0,12,0,0,0,0,0,0,0,0,0,0,0,0,0,0,0,0,12,1273
0,0,0,0,0,16,0,0,0,0,0,0,0,0,0,0,0,0,0,0,5,1274
0,0,0,0,0,0,0,0,0,7,0,0,0,0,0,0,0,0,0,0,11,1275
0,0,0,0,0,0,7,0,0,0,0,0,0,0,0,0,0,0,0,0,7,1276
0,0,0,8,0,0,0,0,0,0,0,0,0,0,0,0,0,0,0,0,6,1277
0,0,0,0,0,11,0,0,0,0,0,0,0,0,0,0,0,0,0,0,5,1278
0,0,0,6,0,0,5,0,0,0,0,0,0,0,0,0,0,0,0,0,6,1279
6,0,0,0,0,0,0,0,0,0,0,0,0,31,0,0,19,0,0,6,1,128
0,0,0,0,0,12,0,0,0,0,0,0,0,0,0,0,0,0,0,0,5,1280
0,0,0,0,0,13,0,0,0,0,0,0,0,0,0,0,0,0,0,0,5,1281
0,0,0,5,0,0,0,0,0,0,0,0,0,0,0,0,0,0,0,0,6,1282
0,0,0,0,0,0,8,0,0,0,0,0,0,0,0,0,0,0,0,0,7,1284
0,0,0,0,0,5,0,0,0,0,0,0,0,0,0,0,0,0,0,0,7,1285
0,0,0,0,0,10,0,0,0,0,0,0,0,0,0,0,0,0,0,0,5,1286
0,0,0,5,0,0,0,0,0,0,0,0,0,0,0,0,0,0,0,0,6,1288
0,0,0,7,0,0,0,0,0,0,0,0,0,0,0,0,0,0,0,0,6,1289
6,0,0,0,0,0,0,0,0,0,0,0,0,28,0,0,11,0,6,5,2,129
0,0,0,13,0,0,0,0,0,0,0,0,0,0,0,0,0,0,0,0,12,1290
0,0,0,12,0,0,0,0,0,0,0,0,0,0,0,0,0,0,0,0,12,1291
0,0,0,0,0,6,0,0,0,0,0,0,0,0,0,0,0,0,0,0,7,1292
0,0,0,10,0,0,0,0,0,0,0,0,0,0,0,0,0,0,0,0,6,1293
0,0,0,15,0,0,0,0,0,0,0,0,0,0,0,0,0,0,0,0,12,1294
0,0,0,0,0,5,0,0,0,0,0,0,0,0,0,0,0,0,0,0,7,1295
0,0,0,5,0,0,0,0,0,0,0,0,0,0,0,0,0,0,0,0,6,1296
0,0,0,10,0,0,0,0,0,0,0,0,0,0,0,0,0,0,0,0,6,1297
0,0,0,7,0,0,0,0,0,0,0,0,0,0,0,0,0,0,0,0,6,1298
0,0,0,10,0,0,0,0,0,0,0,0,0,0,0,0,0,0,0,0,6,1299
9,0,0,0,0,0,0,0,0,0,0,0,0,33,0,0,13,0,0,11,2,13
6,0,0,0,0,0,0,0,0,0,0,0,0,31,0,0,19,0,0,5,1,130
0,0,0,8,0,0,0,0,0,0,0,0,0,0,0,0,0,0,0,0,6,1300
0,0,0,0,0,0,0,0,6,0,0,0,0,0,0,0,0,0,0,0,7,1301
0,0,0,0,0,8,0,0,0,0,0,0,0,0,0,0,0,0,0,0,5,1302
0,0,0,5,0,0,0,0,0,0,0,0,0,0,0,0,0,0,0,0,6,1303
0,0,0,0,0,0,0,0,8,0,0,0,0,0,0,0,0,0,0,0,7,1304
0,0,0,0,0,0,0,0,0,0,0,6,0,0,0,0,0,0,0,0,7,1306
0,0,0,0,0,10,0,0,0,0,0,0,0,0,0,0,0,0,0,0,5,1307
0,0,0,0,0,12,0,0,0,0,0,0,0,0,0,0,0,0,0,0,5,1308
0,5,0,0,0,0,0,0,0,0,0,0,0,0,0,0,0,0,0,0,7,1309
5,0,0,0,0,0,0,0,0,0,0,0,0,28,0,0,19,0,0,0,3,131
0,0,0,5,0,0,0,0,0,0,0,0,0,0,0,0,0,0,0,0,6,1310
0,0,0,7,0,0,0,0,0,0,0,0,0,0,0,0,0,0,0,0,6,1311
0,0,0,0,0,0,0,0,0,0,0,7,0,0,0,0,0,0,0,0,7,1312
0,0,0,0,0,10,0,0,0,0,0,0,0,0,0,0,0,0,0,0,5,1313
0,0,0,10,0,0,0,0,0,0,0,0,0,0,0,0,0,0,0,0,6,1314
0,0,0,0,0,10,0,0,0,0,0,0,0,0,0,0,0,0,0,0,5,1315
0,0,0,0,0,7,0,0,0,0,0,0,0,0,0,0,0,0,0,0,7,1316
0,0,0,6,0,0,0,0,0,0,0,0,0,0,0,0,0,0,0,0,6,1317
0,0,0,9,0,0,0,0,0,0,0,0,0,0,0,0,0,0,0,0,6,1318
0,0,0,0,0,9,0,0,0,0,0,0,0,0,0,0,0,0,0,0,5,1319
9,0,0,0,0,0,0,0,0,0,0,0,0,30,0,0,13,0,0,5,2,132
0,0,0,0,0,18,0,0,0,0,0,0,0,0,0,0,0,0,0,0,5,1320
0,0,0,6,0,0,0,0,0,0,0,0,0,0,0,0,0,0,0,0,6,1321
0,0,0,0,0,0,8,0,0,0,0,0,0,0,0,0,0,0,0,0,7,1323
0,0,0,0,0,6,0,0,0,0,0,0,0,0,0,0,0,0,0,0,7,1324
0,0,0,10,0,0,0,0,0,0,0,0,0,0,0,0,0,0,0,0,6,1326
0,0,0,11,0,0,0,0,0,0,0,0,0,0,0,0,0,0,0,0,6,1327
0,0,0,0,0,0,6,0,0,0,0,0,0,0,0,0,0,0,0,0,7,1328
0,0,0,0,0,12,0,0,0,0,0,0,0,0,0,0,0,0,0,0,5,1329
9,0,0,0,0,0,0,0,0,0,0,0,0,32,0,0,15,0,0,7,2,133
0,0,0,0,0,0,0,0,0,14,0,0,0,0,0,0,0,0,0,0,8,1330
0,5,0,9,0,0,0,0,0,0,0,0,0,0,0,0,0,0,0,0,6,1332
0,0,0,0,0,0,0,0,0,8,0,0,0,0,0,0,0,0,0,0,13,1333
0,0,0,0,0,0,0,0,0,14,0,0,0,0,0,0,0,0,0,0,8,1334
0,0,0,0,0,8,0,0,0,0,0,0,0,0,0,0,0,0,0,0,5,1335
0,0,0,10,0,0,0,0,0,0,0,0,0,0,0,0,0,0,0,0,6,1336
0,0,0,0,0,8,0,0,0,0,0,0,0,0,0,0,0,0,0,0,5,1337
0,0,0,8,0,0,0,0,0,0,0,0,0,0,0,0,0,0,0,0,6,1338
0,0,6,0,0,0,0,0,0,0,0,0,0,0,0,0,0,0,0,0,7,1339
8,0,0,0,0,0,0,0,0,0,0,0,0,30,0,0,20,0,0,0,3,134
0,0,0,8,0,0,0,0,0,0,0,0,0,0,0,0,0,0,0,0,6,1341
0,0,0,6,0,0,0,0,0,0,0,0,0,0,0,0,0,0,0,0,6,1342
0,0,0,13,0,0,0,0,0,0,0,0,0,0,0,0,0,0,0,0,12,1343
0,0,0,0,0,11,0,0,0,0,0,0,0,0,0,0,0,0,0,0,5,1344
0,0,0,10,0,0,0,0,0,0,0,0,0,0,0,0,0,0,0,0,6,1345
0,0,0,0,0,0,5,0,0,0,0,0,0,0,0,0,0,0,0,0,7,1346
0,0,0,9,0,0,0,0,0,0,0,0,0,0,0,0,0,0,0,0,6,1349
12,0,0,0,0,0,0,0,0,0,0,0,0,34,0,0,23,0,0,0,3,135
0,0,0,14,0,0,0,0,0,0,0,0,0,0,0,0,0,0,0,0,12,1350
0,0,8,0,0,0,0,0,0,0,0,0,0,0,0,0,0,0,0,0,7,1352
0,0,0,0,0,11,0,0,0,0,0,0,0,0,0,0,0,0,0,0,5,1354
0,0,0,0,0,0,9,0,0,0,0,0,0,0,0,0,0,0,0,0,7,1355
0,0,0,14,0,0,0,0,0,0,0,0,0,0,0,0,0,0,0,0,12,1356
0,0,0,10,0,0,0,0,0,0,0,0,0,0,0,0,0,0,0,0,6,1357
0,0,0,0,0,15,0,0,0,0,0,0,0,0,0,0,0,0,0,0,5,1358
0,0,0,0,0,9,0,0,0,0,0,0,0,0,0,0,0,0,0,0,5,1359
10,0,0,0,0,0,0,0,0,0,0,0,0,39,0,0,18,0,5,0,1,136
0,0,0,9,0,0,0,0,0,0,0,0,0,0,0,0,0,0,0,0,6,1360
0,0,0,11,0,0,0,0,0,0,0,0,0,0,0,0,0,0,0,0,6,1361
0,0,0,8,0,0,0,0,0,0,0,0,0,0,0,0,0,0,0,0,6,1362
0,0,0,0,0,5,0,0,0,0,0,0,0,0,0,0,0,0,0,0,7,1363
0,0,0,5,0,0,0,0,0,0,0,0,0,0,0,0,0,0,0,0,6,1364
0,0,0,0,0,6,0,0,0,0,0,0,0,0,0,0,0,0,0,0,7,1365
0,0,0,0,0,0,0,0,13,0,0,0,0,0,0,0,0,0,0,0,7,1366
0,0,0,0,0,0,11,0,0,0,0,0,0,0,0,0,0,0,0,0,7,1367
0,0,0,7,0,0,0,0,0,0,0,0,0,0,0,0,0,0,0,0,6,1368
0,0,0,0,0,0,0,0,0,12,0,0,0,0,0,0,0,0,0,0,8,1369
0,0,0,0,0,0,0,0,0,0,0,0,0,27,0,0,9,0,7,6,2,137
0,0,0,0,0,6,0,0,0,0,0,0,0,0,0,0,0,0,0,0,7,1370
0,0,0,0,0,0,0,0,0,9,0,0,0,0,0,0,0,0,0,0,8,1371
0,0,0,0,0,8,0,0,0,0,0,0,0,0,0,0,0,0,0,0,5,1372
0,0,0,9,0,0,0,0,0,0,0,0,0,0,0,0,0,0,0,0,6,1373
0,0,0,0,0,0,6,0,0,0,0,0,0,0,0,0,0,0,0,0,7,1374
0,0,0,5,0,0,0,0,0,0,0,0,0,0,0,0,0,0,0,0,6,1379
9,0,0,0,0,0,0,0,0,0,0,0,0,35,0,0,26,0,0,0,3,138
0,0,0,6,0,0,0,0,0,0,0,0,0,0,0,0,0,0,0,0,6,1380
0,0,0,14,0,0,0,0,0,0,0,0,0,0,0,0,0,0,0,0,12,1381
0,0,0,0,0,8,0,0,0,0,0,0,0,0,0,0,0,0,0,0,5,1383
0,0,0,12,0,0,0,0,0,0,0,0,0,0,0,0,0,0,0,0,12,1384
0,0,0,9,0,0,0,0,0,0,0,0,0,0,0,0,0,0,0,0,6,1385
0,0,0,0,0,10,0,0,0,0,0,0,0,0,0,0,0,0,0,0,5,1386
0,0,0,5,0,6,0,0,0,0,0,0,0,0,0,0,0,0,0,0,7,1387
0,0,0,5,0,0,0,0,0,0,0,0,0,0,0,0,0,0,0,0,6,1388
0,0,0,12,0,0,0,0,0,0,0,0,0,0,0,0,0,0,0,0,12,1389
10,0,0,0,0,0,0,0,0,0,0,0,0,46,0,0,37,0,0,0,10,139
0,0,0,0,0,8,0,0,0,0,0,0,0,0,0,0,0,0,0,0,5,1390
0,0,0,0,0,0,0,9,0,0,0,0,0,0,0,0,0,0,0,0,9,1391
0,0,0,7,0,0,0,0,0,0,0,0,0,0,0,0,0,0,0,0,6,1392
0,0,0,0,0,0,8,0,0,0,0,0,0,0,0,0,0,0,0,0,7,1396
0,0,0,0,0,7,0,0,0,0,0,0,0,0,0,0,0,0,0,0,7,1397
0,0,0,0,0,8,0,0,0,0,0,0,0,0,0,0,0,0,0,0,5,1398
0,0,0,0,0,0,0,0,0,10,0,0,0,0,0,0,0,0,0,0,8,1399
11,0,0,0,0,0,0,0,0,0,0,0,0,18,0,0,16,0,0,0,3,14
8,0,0,0,0,0,0,0,0,0,0,0,0,17,0,0,5,0,0,0,2,140
0,0,0,0,0,5,0,0,0,0,0,0,0,0,0,0,0,0,0,0,7,1400
0,0,0,14,0,0,0,0,0,0,0,0,0,0,0,0,0,0,0,0,12,1401
0,0,0,0,0,11,0,0,0,0,0,0,0,0,0,0,0,0,0,0,5,1403
0,0,0,0,0,0,10,0,0,0,0,0,0,0,0,0,0,0,0,0,7,1404
0,0,0,0,0,0,0,0,0,7,0,0,0,0,0,0,0,0,0,0,11,1405
0,0,6,0,0,8,0,0,0,0,0,0,0,0,0,0,0,0,0,0,5,1406
0,0,0,0,0,0,0,0,0,7,0,0,0,0,0,0,0,0,0,0,11,1407
0,0,0,12,0,0,0,0,0,0,0,0,0,0,0,0,0,0,0,0,12,1408
0,0,0,0,0,0,0,0,0,0,0,0,9,0,0,0,0,0,0,0,7,1409
7,0,0,0,0,0,0,0,0,0,0,0,0,23,0,0,7,0,7,8,2,141
0,0,0,0,0,11,0,0,0,0,0,0,0,0,0,0,0,0,0,0,5,1410
0,0,0,0,0,5,0,0,0,0,0,0,0,0,0,0,0,0,0,0,7,1411
0,0,0,8,0,0,0,0,0,0,0,0,0,0,0,0,0,0,0,0,6,1412
0,0,0,9,0,0,0,0,0,0,0,0,0,0,0,0,0,0,0,0,6,1414
0,0,0,11,0,0,0,0,0,0,0,0,0,0,0,0,0,0,0,0,6,1415
0,0,0,5,0,0,0,0,0,0,0,0,0,0,0,0,0,0,0,0,6,1417
8,0,0,0,0,0,0,0,0,0,0,0,0,35,0,0,26,0,0,0,3,142
0,0,0,0,0,8,0,0,0,0,0,0,0,0,0,0,0,0,0,0,5,1420
0,0,0,0,0,6,0,0,0,0,0,0,0,0,0,0,0,0,0,0,7,1421
0,0,0,0,0,0,0,0,0,8,0,0,0,0,0,0,0,0,0,0,13,1422
0,0,0,8,0,0,0,0,0,0,0,0,0,0,0,0,0,0,0,0,6,1424
0,0,0,0,0,8,0,0,0,0,0,0,0,0,0,0,0,0,0,0,5,1425
0,0,0,0,0,7,0,0,0,0,0,0,0,0,0,0,0,0,0,0,7,1426
0,0,0,0,0,9,0,0,0,0,0,0,0,0,0,0,0,0,0,0,5,1427
0,0,0,0,0,9,0,0,0,0,0,0,0,0,0,0,0,0,0,0,5,1428
0,0,0,0,0,0,0,0,0,11,0,0,0,0,0,0,0,0,0,0,8,1429
0,0,0,0,0,0,0,0,0,0,0,0,0,32,0,0,14,0,8,8,2,143
0,0,0,0,0,11,0,0,0,0,0,0,0,0,0,0,0,0,0,0,5,1430
0,0,0,0,0,7,0,0,0,0,0,0,0,0,0,0,0,0,0,0,7,1431
0,0,0,0,0,0,0,0,5,0,0,0,0,0,0,0,0,0,0,0,7,1432
0,0,0,0,0,0,9,0,0,0,0,0,0,0,0,0,0,0,0,0,7,1433
0,0,0,0,0,0,7,0,0,0,0,0,0,0,0,0,0,0,0,0,7,1434
0,0,0,7,0,0,0,0,0,0,0,0,0,0,0,0,0,0,0,0,6,1436
0,0,0,0,0,9,0,0,0,0,0,0,0,0,0,0,0,0,0,0,5,1437
0,0,0,0,0,0,0,0,0,7,0,0,0,0,0,0,0,0,0,0,11,1438
0,0,0,0,0,0,14,0,0,0,0,0,0,0,0,0,0,0,0,0,7,1439
0,0,0,0,0,0,0,0,0,0,0,0,0,29,0,0,7,0,7,6,2,144
0,0,0,6,0,0,0,0,0,0,0,0,0,0,0,0,0,0,0,0,6,1440
0,0,0,0,0,10,0,0,0,0,0,0,0,0,0,0,0,0,0,0,5,1442
0,0,0,0,0,6,0,0,0,0,0,0,0,0,0,0,0,0,0,0,7,1443
0,0,0,0,0,0,0,12,0,0,0,0,0,0,0,0,0,0,0,0,9,1444
0,0,0,13,0,0,0,0,0,0,0,0,0,0,0,0,0,0,0,0,12,1446
0,0,0,0,0,20,0,0,0,0,0,0,0,0,0,0,0,0,0,0,5,1447
0,0,0,11,0,0,0,0,0,0,0,0,0,0,0,0,0,0,0,0,6,1449
9,0,0,0,0,0,0,0,0,0,0,0,0,28,0,0,13,0,8,5,2,145
0,0,0,0,0,0,7,0,0,0,0,0,0,0,0,0,0,0,0,0,7,1450
0,0,0,0,0,0,0,0,0,8,0,0,0,0,0,0,0,0,0,0,13,1451
0,0,0,0,0,11,0,0,0,0,0,0,0,0,0,0,0,0,0,0,5,1452
0,0,0,9,0,0,0,0,0,0,0,0,0,0,0,0,0,0,0,0,6,1453
0,0,0,7,0,0,0,0,0,0,0,0,0,0,0,0,0,0,0,0,6,1454
0,0,0,0,0,0,0,0,6,0,0,0,0,0,0,0,0,0,0,0,7,1455
0,0,0,0,0,5,0,0,0,0,0,0,0,0,0,0,0,0,0,0,7,1456
0,0,0,6,0,5,0,0,0,0,0,0,0,0,0,0,0,0,0,0,6,1457
0,0,0,7,0,0,0,0,0,0,0,0,0,0,0,0,0,0,0,0,6,1458
0,0,0,9,0,0,0,0,0,0,0,0,0,0,0,0,0,0,0,0,6,1459
8,0,0,0,0,0,0,0,0,0,0,0,0,43,0,0,14,0,0,12,2,146
0,0,0,7,0,0,0,0,0,0,0,0,0,0,0,0,0,0,0,0,6,1460
0,0,0,12,0,0,0,0,0,0,0,0,0,0,0,0,0,0,0,0,12,1461
0,0,0,14,0,0,0,0,0,0,0,0,0,0,0,0,0,0,0,0,12,1462
0,0,0,0,0,16,0,0,0,0,0,0,0,0,0,0,0,0,0,0,5,1463
0,0,0,0,0,0,11,0,0,0,0,0,0,0,0,0,0,0,0,0,7,1464
0,0,0,0,0,0,0,0,0,10,0,0,0,0,0,0,0,0,0,0,8,1465
0,0,0,6,0,0,0,0,0,0,0,0,0,0,0,0,0,0,0,0,6,1466
0,0,0,0,0,0,10,0,0,0,0,0,0,0,0,0,0,0,0,0,7,1467
0,0,0,0,0,0,0,0,0,6,0,0,0,0,0,0,0,0,0,0,11,1468
0,0,0,0,0,7,0,0,0,0,0,0,0,0,0,0,0,0,0,0,7,1469
11,0,0,0,0,0,0,0,0,0,0,0,0,36,0,0,17,0,5,6,1,147
0,0,0,5,0,0,6,0,0,0,0,0,0,0,0,0,0,0,0,0,6,1471
0,0,0,0,0,0,6,0,0,0,0,0,0,0,0,0,0,0,0,0,7,1472
0,0,0,0,0,0,11,0,0,0,0,0,0,0,0,0,0,0,0,0,7,1473
0,0,0,7,0,0,0,0,0,0,0,0,0,0,0,0,0,0,0,0,6,1474
0,0,0,0,0,0,0,0,10,0,0,0,0,0,0,0,0,0,0,0,7,1475
0,0,0,9,0,0,0,0,0,0,0,0,0,0,0,0,0,0,0,0,6,1476
0,0,0,0,0,0,6,0,0,0,0,0,0,0,0,0,0,0,0,0,7,1477
0,0,0,0,0,0,0,0,0,7,0,0,0,0,0,0,0,0,0,0,11,1478
0,0,0,0,0,13,0,0,0,0,0,0,0,0,0,0,0,0,0,0,5,1479
0,0,0,0,0,0,0,0,0,0,0,0,0,28,0,0,20,0,0,0,4,148
0,0,0,0,0,0,7,0,0,0,0,0,0,0,0,0,0,0,0,0,7,1480
0,0,0,15,0,0,0,0,0,0,0,0,0,0,0,0,0,0,0,0,12,1481
0,0,0,6,0,0,0,0,0,0,0,0,0,0,0,0,0,0,0,0,6,1482
0,0,0,10,0,0,0,0,0,0,0,0,0,0,0,0,0,0,0,0,6,1483
0,0,0,14,0,0,0,0,0,0,0,0,0,0,0,0,0,0,0,0,12,1484
0,0,0,10,0,0,0,0,0,0,0,0,0,0,0,0,0,0,0,0,6,1485
0,0,0,0,0,12,0,0,0,0,0,0,0,0,0,0,0,0,0,0,5,1486
0,0,0,5,0,0,0,0,0,0,0,0,0,0,0,0,0,0,0,0,6,1487
0,0,0,0,0,11,0,0,0,0,0,0,0,0,0,0,0,0,0,0,5,1488
6,0,0,0,0,0,0,0,0,0,0,0,0,35,7,5,33,0,0,0,10,149
0,0,0,0,0,0,10,0,0,0,0,0,0,0,0,0,0,0,0,0,7,1490
0,0,0,7,0,0,0,0,0,0,0,0,0,0,0,0,0,0,0,0,6,1491
0,0,0,0,0,5,0,0,0,0,0,0,0,0,0,0,0,0,0,0,7,1492
0,0,0,0,0,10,0,0,0,0,0,0,0,0,0,0,0,0,0,0,5,1493
0,0,0,15,0,0,0,0,0,0,0,0,0,0,0,0,0,0,0,0,12,1494
0,0,0,6,0,0,0,0,0,0,0,0,0,0,0,0,0,0,0,0,6,1495
0,0,0,8,0,0,0,0,0,0,0,0,0,0,0,0,0,0,0,0,6,1496
0,0,0,0,0,9,0,0,0,0,0,0,0,0,0,0,0,0,0,0,5,1498
0,0,0,0,0,0,0,0,0,0,0,0,10,0,0,0,0,0,0,0,7,1499
8,0,0,0,0,0,0,0,0,0,0,0,0,34,0,0,14,0,0,10,2,15
14,0,0,0,0,0,0,0,0,0,0,0,0,29,0,0,22,0,0,0,3,150
0,0,0,5,0,0,0,0,0,0,0,0,0,0,0,0,0,0,0,0,6,1500
0,0,0,5,0,0,0,0,0,0,0,0,0,0,0,0,0,0,0,0,6,1501
0,0,0,7,0,0,0,0,0,0,0,0,0,0,0,0,0,0,0,0,6,1502
0,0,0,8,0,0,0,0,0,0,0,0,0,0,0,0,0,0,0,0,6,1503
0,0,0,0,0,6,0,0,0,0,0,0,0,0,0,0,0,0,0,0,7,1504
0,0,0,15,0,0,0,0,0,0,0,0,0,0,0,0,0,0,0,0,12,1505
0,0,0,0,0,7,0,0,0,0,0,0,0,0,0,0,0,0,0,0,7,1506
0,0,0,0,0,0,6,0,0,0,0,0,0,0,0,0,0,0,0,0,7,1507
0,0,0,0,0,0,6,0,0,0,0,0,0,0,0,0,0,0,0,0,7,1508
0,0,0,0,0,0,11,0,0,0,0,0,0,0,0,0,0,0,0,0,7,1509
11,0,0,0,0,0,0,0,0,0,0,0,0,30,0,0,14,0,0,7,2,151
0,0,0,8,0,0,0,0,0,0,0,0,0,0,0,0,0,0,0,0,6,1510
0,0,0,0,0,0,0,0,0,12,0,0,0,0,0,0,0,0,0,0,8,1511
0,0,0,0,0,8,0,0,0,0,0,0,0,0,0,0,0,0,0,0,5,1513
0,0,8,0,0,0,0,0,0,0,0,0,0,0,0,0,0,0,0,0,7,1514
0,0,0,8,0,0,0,0,0,0,0,0,0,0,0,0,0,0,0,0,6,1515
0,0,6,9,0,0,0,0,0,0,0,0,0,0,0,0,0,0,0,0,6,1517
0,0,0,0,0,5,0,0,0,0,0,0,0,0,0,0,0,0,0,0,7,1518
0,0,0,0,0,0,7,0,0,0,0,0,0,0,0,0,0,0,0,0,7,1519
7,0,0,0,0,0,0,0,0,0,0,0,0,33,0,0,10,0,8,8,2,152
0,0,0,0,0,0,0,0,0,10,0,0,0,0,0,0,0,0,0,0,8,1520
0,0,0,8,0,0,0,0,0,0,0,0,0,0,0,0,0,0,0,0,6,1521
0,0,0,0,0,0,0,0,0,0,0,11,0,0,0,0,0,0,0,0,7,1522
0,0,0,0,0,0,0,0,0,7,0,0,0,0,0,0,0,0,0,0,11,1523
0,0,0,6,0,0,0,0,0,0,0,0,0,0,0,0,0,0,0,0,6,1525
0,0,0,11,0,0,0,0,0,0,0,0,0,0,0,0,0,0,0,0,6,1526
0,0,0,0,0,8,0,0,0,0,0,0,0,0,0,0,0,0,0,0,5,1527
0,0,0,0,0,10,0,0,0,0,0,0,0,0,0,0,0,0,0,0,5,1528
0,0,0,0,0,0,0,0,10,0,0,0,0,0,0,0,0,0,0,0,7,1529
0,0,0,0,0,0,0,0,0,0,0,0,0,35,0,0,25,0,0,0,4,153
0,0,0,0,0,0,0,8,0,0,0,0,0,0,0,0,0,0,0,0,9,1530
0,0,0,6,0,0,0,0,0,0,0,0,0,0,0,0,0,0,0,0,6,1531
0,0,0,9,0,0,0,0,0,0,0,0,0,0,0,0,0,0,0,0,6,1532
0,0,0,0,0,7,0,0,0,0,0,0,0,0,0,0,0,0,0,0,7,1533
0,0,0,7,0,0,0,0,0,0,0,0,0,0,0,0,0,0,0,0,6,1534
0,0,0,0,0,9,0,0,0,0,0,0,0,0,0,0,0,0,0,0,5,1535
0,0,0,6,0,8,0,0,0,0,0,0,0,0,0,0,0,0,0,0,5,1536
0,0,0,0,0,14,0,0,0,0,0,0,0,0,0,0,0,0,0,0,5,1537
0,0,0,0,0,6,0,0,0,0,0,0,0,0,0,0,0,0,0,0,7,1539
11,0,0,0,0,0,0,0,0,0,0,0,0,37,0,0,12,0,6,12,2,154
0,0,0,11,0,0,0,0,0,0,0,0,0,0,0,0,0,0,0,0,6,1540
0,0,0,0,0,0,11,0,0,0,0,0,0,0,0,0,0,0,0,0,7,1541
0,0,0,0,0,8,0,0,0,0,0,0,0,0,0,0,0,0,0,0,5,1542
0,0,0,0,0,7,0,0,0,0,0,0,0,0,0,0,0,0,0,0,7,1543
0,0,0,0,0,10,0,0,0,0,0,0,0,0,0,0,0,0,0,0,5,1544
0,0,0,0,0,11,0,0,0,0,0,0,0,0,0,0,0,0,0,0,5,1545
0,0,0,11,0,0,0,0,0,0,0,0,0,0,0,0,0,0,0,0,6,1546
0,0,0,5,0,0,0,0,0,0,0,0,0,0,0,0,0,0,0,0,6,1547
0,0,0,9,0,0,0,0,0,0,0,0,0,0,0,0,0,0,0,0,6,1548
0,0,0,0,0,5,0,0,0,0,0,0,0,0,0,0,0,0,0,0,7,1549
6,0,0,0,0,0,0,0,0,0,0,0,0,36,0,0,10,0,0,13,2,155
0,0,0,0,0,0,0,0,0,7,0,0,0,0,0,0,0,0,0,0,11,1550
0,0,0,0,0,0,8,0,0,0,0,0,0,0,0,0,0,0,0,0,7,1552
0,0,0,5,0,0,0,0,0,0,0,0,0,0,0,0,0,0,0,0,6,1553
0,0,0,5,0,0,0,0,0,0,0,0,0,0,0,0,0,0,0,0,6,1554
0,0,0,0,0,12,0,0,0,0,0,0,0,0,0,0,0,0,0,0,5,1555
0,0,0,13,0,0,0,0,0,0,0,0,0,0,0,0,0,0,0,0,12,1556
0,0,0,8,0,0,0,0,0,0,0,0,0,0,0,0,0,0,0,0,6,1557
0,0,0,0,0,11,0,0,0,0,0,0,0,0,0,0,0,0,0,0,5,1558
0,0,0,0,0,0,10,0,0,0,0,0,0,0,0,0,0,0,0,0,7,1559
0,0,0,0,0,0,0,0,0,0,0,0,0,32,0,0,12,0,6,10,2,156
0,0,0,0,0,14,0,0,0,0,0,0,0,0,0,0,0,0,0,0,5,1560
0,0,0,5,0,0,0,0,0,0,0,0,0,0,0,0,0,0,0,0,6,1561
0,0,0,12,0,0,0,0,0,0,0,0,0,0,0,0,0,0,0,0,12,1562
0,0,0,9,0,0,0,0,0,0,0,0,0,0,0,0,0,0,0,0,6,1563
0,0,0,0,0,0,5,0,0,0,0,0,0,0,0,0,0,0,0,0,7,1564
0,0,0,7,0,0,0,0,0,0,0,0,0,0,0,0,0,0,0,0,6,1565
0,0,0,8,0,0,0,0,0,0,0,0,0,0,0,0,0,0,0,0,6,1566
0,0,0,8,0,0,0,0,0,0,0,0,0,0,0,0,0,0,0,0,6,1567
0,0,0,5,0,0,0,0,0,0,0,0,0,0,0,0,0,0,0,0,6,1568
0,0,0,0,0,8,0,0,0,0,0,0,0,0,0,0,0,0,0,0,5,1569
0,0,0,0,0,0,0,0,0,0,0,0,0,38,0,0,35,0,0,0,10,157
0,0,0,0,0,0,10,0,0,0,0,0,0,0,0,0,0,0,0,0,7,1570
0,0,0,0,0,11,0,0,0,0,0,0,0,0,0,0,0,0,0,0,5,1571
0,0,0,0,0,8,0,0,0,0,0,0,0,0,0,0,0,0,0,0,5,1572
0,0,0,5,0,0,0,0,0,0,0,0,0,0,0,0,0,0,0,0,6,1573
0,0,0,0,0,0,6,0,0,0,0,0,0,0,0,0,0,0,0,0,7,1574
0,0,0,0,0,9,0,0,0,0,0,0,0,0,0,0,0,0,0,0,5,1575
0,0,0,8,0,0,0,0,0,0,0,0,0,0,0,0,0,0,0,0,6,1576
0,0,0,11,0,0,0,0,0,0,0,0,0,0,0,0,0,0,0,0,6,1578
0,0,0,7,0,0,0,0,0,0,0,0,0,0,0,0,0,0,0,0,6,1579
0,0,0,0,0,0,0,0,0,0,0,0,0,29,0,0,13,0,8,6,2,158
0,0,0,0,0,0,0,0,0,7,0,0,0,0,0,0,0,0,0,0,11,1580
0,0,0,8,0,0,0,0,0,0,0,0,0,0,0,0,0,0,0,0,6,1581
0,0,0,0,0,0,9,0,0,0,0,0,0,0,0,0,0,0,0,0,7,1582
0,0,0,0,0,0,8,0,0,0,0,0,0,0,0,0,0,0,0,0,7,1584
0,0,0,0,0,0,0,0,0,7,0,0,0,0,0,0,0,0,0,0,11,1585
0,0,0,7,0,0,0,0,0,0,0,0,0,0,0,0,0,0,0,0,6,1586
0,0,0,0,0,0,10,0,0,0,0,0,0,0,0,0,0,0,0,0,7,1587
0,0,0,9,0,0,0,0,0,0,0,0,0,0,0,0,0,0,0,0,6,1588
0,0,0,12,0,0,0,0,0,0,0,0,0,0,0,0,0,0,0,0,12,1589
5,0,0,0,0,0,0,0,0,0,0,0,0,30,0,0,6,0,0,11,2,159
0,0,0,0,0,15,0,0,0,0,0,0,0,0,0,0,0,0,0,0,5,1590
0,0,0,0,0,11,0,0,0,0,0,0,0,0,0,0,0,0,0,0,5,1591
0,0,0,0,0,15,0,0,0,0,0,0,0,0,0,0,0,0,0,0,5,1592
0,0,0,0,0,8,0,0,0,0,0,0,0,0,0,0,0,0,0,0,5,1593
0,0,0,14,0,0,0,0,0,0,0,0,0,0,0,0,0,0,0,0,12,1595
0,0,0,5,0,0,0,0,0,0,0,0,0,0,0,0,0,0,0,0,6,1596
0,0,0,0,0,0,11,0,0,0,0,0,0,0,0,0,0,0,0,0,7,1597
0,0,0,8,0,0,0,0,0,0,0,0,0,0,0,0,0,0,0,0,6,1598
0,0,0,11,0,0,0,0,0,0,0,0,0,0,0,0,0,0,0,0,6,1599
0,0,0,0,0,0,0,0,0,0,0,0,0,31,0,0,16,0,0,7,2,16
9,0,0,0,0,0,0,0,0,0,0,0,0,35,0,0,15,0,0,11,2,160
0,0,0,10,0,0,0,0,0,0,0,0,0,0,0,0,0,0,0,0,6,1600
0,0,0,0,0,0,9,0,0,0,0,0,0,0,0,0,0,0,0,0,7,1601
0,0,0,11,0,0,0,0,0,0,0,0,0,0,0,0,0,0,0,0,6,1602
0,0,0,7,0,0,0,0,0,0,0,0,0,0,0,0,0,0,0,0,6,1603
0,0,0,10,0,0,0,0,0,0,0,0,0,0,0,0,0,0,0,0,6,1604
0,0,0,13,0,0,0,0,0,0,0,0,0,0,0,0,0,0,0,0,12,1605
0,0,0,15,0,0,0,0,0,0,0,0,0,0,0,0,0,0,0,0,12,1606
0,0,0,0,0,9,0,0,0,0,0,0,0,0,0,0,0,0,0,0,5,1607
0,0,0,0,0,0,10,0,0,0,0,0,0,0,0,0,0,0,0,0,7,1608
0,0,0,0,0,0,0,0,0,5,0,0,0,0,0,0,0,0,0,0,11,1609
9,0,0,0,0,0,0,0,0,0,0,0,0,24,0,0,14,0,5,0,3,161
0,0,0,8,0,0,0,0,0,0,0,0,0,0,0,0,0,0,0,0,6,1610
0,0,0,15,0,0,0,0,0,0,0,0,0,0,0,0,0,0,0,0,12,1611
0,0,0,0,0,12,0,0,0,0,0,0,0,0,0,0,0,0,0,0,5,1612
0,0,0,0,0,11,0,0,0,0,0,0,0,0,0,0,0,0,0,0,5,1613
0,0,0,9,0,0,0,0,0,0,0,0,0,0,0,0,0,0,0,0,6,1614
0,0,0,0,0,7,0,0,0,0,0,0,0,0,0,0,0,0,0,0,7,1615
0,0,0,12,0,0,0,0,0,0,0,0,0,0,0,0,0,0,0,0,12,1616
0,0,0,6,0,0,0,0,0,0,0,0,0,0,0,0,0,0,0,0,6,1618
0,0,0,18,0,0,0,0,0,0,0,0,0,0,0,0,0,0,0,0,12,1619
12,0,0,0,0,0,0,0,0,0,0,0,0,23,0,0,15,0,0,0,3,162
0,0,0,0,0,10,0,0,0,0,0,0,0,0,0,0,0,0,0,0,5,1620
0,0,0,0,0,0,0,0,0,0,0,10,0,0,0,0,0,0,0,0,7,1621
0,0,0,0,0,13,0,0,0,0,0,0,0,0,0,0,0,0,0,0,5,1622
0,0,0,0,0,0,0,11,0,0,0,0,0,0,0,0,0,0,0,0,9,1623
0,0,0,10,0,0,0,0,0,0,0,0,0,0,0,0,0,0,0,0,6,1624
0,0,0,0,0,8,0,0,0,0,0,0,0,0,0,0,0,0,0,0,5,1626
0,0,0,0,0,9,0,0,0,0,0,0,0,0,0,0,0,0,0,0,5,1629
6,0,0,0,0,0,0,0,0,0,0,0,0,32,0,0,26,0,6,0,3,163
0,0,0,7,0,0,0,0,0,0,0,0,0,0,0,0,0,0,0,0,6,1631
0,0,0,0,0,0,6,0,0,0,0,0,0,0,0,0,0,0,0,0,7,1632
0,0,0,0,0,7,0,0,0,0,0,0,0,0,0,0,0,0,0,0,7,1635
0,0,0,0,0,0,0,0,0,7,0,0,0,0,0,0,0,0,0,0,11,1636
0,0,0,0,0,7,0,0,0,0,0,0,0,0,0,0,0,0,0,0,7,1637
0,0,0,0,0,5,0,0,0,0,0,0,0,0,0,0,0,0,0,0,7,1639
9,0,0,0,0,0,0,0,0,0,0,0,0,34,0,0,23,0,0,0,3,164
0,0,0,10,0,0,0,0,0,0,0,0,0,0,0,0,0,0,0,0,6,1640
0,0,0,17,0,0,0,0,0,0,0,0,0,0,0,0,0,0,0,0,12,1641
0,0,0,0,0,0,0,0,0,0,0,6,0,0,0,0,0,0,0,0,7,1642
0,0,0,0,0,10,0,0,0,0,0,0,0,0,0,0,0,0,0,0,5,1643
0,0,0,0,0,0,9,0,0,0,0,0,0,0,0,0,0,0,0,0,7,1644
0,0,0,8,0,0,0,0,0,0,0,0,0,0,0,0,0,0,0,0,6,1646
0,0,0,17,0,0,0,0,0,0,0,0,0,0,0,0,0,0,0,0,12,1647
0,0,0,0,0,0,0,0,0,12,0,0,0,0,0,0,0,0,0,0,8,1648
0,0,0,6,0,0,0,0,0,0,0,0,0,0,0,0,0,0,0,0,6,1649
9,0,0,0,0,0,0,0,0,0,0,0,0,49,0,0,34,0,0,0,10,165
0,0,0,10,0,0,0,0,0,0,0,0,0,0,0,0,0,0,0,0,6,1650
0,0,0,0,0,9,0,0,0,0,0,0,0,0,0,0,0,0,0,0,5,1652
0,0,0,6,0,0,0,0,0,0,0,0,0,0,0,0,0,0,0,0,6,1653
0,0,0,0,0,12,0,0,0,0,0,0,0,0,0,0,0,0,0,0,5,1654
0,0,8,6,0,0,0,0,0,0,0,0,0,0,0,0,0,0,0,0,6,1656
0,0,0,8,0,0,0,0,0,0,0,0,0,0,0,0,0,0,0,0,6,1657
0,0,0,0,0,16,0,0,0,0,0,0,0,0,0,0,0,0,0,0,5,1658
0,0,0,0,0,10,0,0,0,0,0,0,0,0,0,0,0,0,0,0,5,1659
6,0,0,0,0,0,0,0,0,0,0,0,0,32,0,0,22,0,0,0,3,166
0,0,0,0,0,0,0,0,0,11,0,0,0,0,0,0,0,0,0,0,8,1660
0,0,0,0,0,8,0,0,0,0,0,0,0,0,0,0,0,0,0,0,5,1661
0,0,0,0,0,13,0,0,0,0,0,0,0,0,0,0,0,0,0,0,5,1662
0,0,0,11,0,0,0,0,0,0,0,0,0,0,0,0,0,0,0,0,6,1663
0,0,0,0,0,0,0,0,11,0,0,0,0,0,0,0,0,0,0,0,7,1664
0,0,0,0,0,8,0,0,0,0,0,0,0,0,0,0,0,0,0,0,5,1665
0,0,0,0,0,0,0,0,0,9,0,0,0,0,0,0,0,0,0,0,8,1667
0,0,0,6,0,0,0,0,0,0,0,0,0,0,0,0,0,0,0,0,6,1669
5,0,0,0,0,0,0,0,0,0,0,0,0,34,0,0,27,0,0,0,4,167
0,0,0,0,0,0,0,0,0,0,0,0,8,0,0,0,0,0,0,0,7,1670
0,0,0,0,0,0,8,0,0,0,0,0,0,0,0,0,0,0,0,0,7,1671
0,0,0,6,0,0,0,0,0,0,0,0,0,0,0,0,0,0,0,0,6,1672
0,0,0,0,0,0,0,0,0,10,0,0,0,0,0,0,0,0,0,0,8,1673
0,0,0,0,0,17,0,0,0,0,0,0,0,0,0,0,0,0,0,0,5,1675
0,0,0,0,0,12,0,0,0,0,0,0,0,0,0,0,0,0,0,0,5,1676
0,0,0,8,0,0,0,0,0,0,0,0,0,0,0,0,0,0,0,0,6,1678
0,0,0,0,0,0,0,0,0,10,0,0,0,0,0,0,0,0,0,0,8,1679
7,0,0,0,0,0,0,0,0,0,0,0,0,23,0,0,8,0,7,7,2,168
0,0,0,0,0,6,0,0,0,0,0,0,0,0,0,0,0,0,0,0,7,1680
0,0,0,0,0,10,0,0,0,0,0,0,0,0,0,0,0,0,0,0,5,1681
0,0,0,0,0,0,0,0,0,7,0,0,0,0,0,0,0,0,0,0,11,1682
0,0,0,0,0,14,0,0,0,0,0,0,0,0,0,0,0,0,0,0,5,1683
0,0,0,10,0,0,0,0,0,0,0,0,0,0,0,0,0,0,0,0,6,1684
0,0,0,9,0,0,0,0,0,0,0,0,0,0,0,0,0,0,0,0,6,1685
0,0,0,0,0,6,0,0,0,0,0,0,0,0,0,0,0,0,0,0,7,1686
0,0,0,0,0,6,0,0,0,0,0,0,0,0,0,0,0,0,0,0,7,1687
0,0,0,0,0,0,0,0,0,10,0,0,0,0,0,0,0,0,0,0,8,1688
0,0,0,9,0,0,0,0,0,0,0,0,0,0,0,0,0,0,0,0,6,1689
5,0,0,0,0,0,0,0,0,0,0,0,0,31,0,0,17,0,5,0,4,169
0,0,0,0,0,12,0,0,0,0,0,0,0,0,0,0,0,0,0,0,5,1690
0,0,0,14,0,0,0,0,0,0,0,0,0,0,0,0,0,0,0,0,12,1691
0,0,0,6,0,0,0,0,0,0,0,0,0,0,0,0,0,0,0,0,6,1692
0,0,0,0,0,0,0,0,0,0,11,0,0,0,0,0,0,0,0,0,7,1693
0,0,0,8,0,0,0,0,0,0,0,0,0,0,0,0,0,0,0,0,6,1694
0,0,0,7,0,0,0,0,0,0,0,0,0,0,0,0,0,0,0,0,6,1695
0,0,0,11,0,0,0,0,0,0,0,0,0,0,0,0,0,0,0,0,6,1696
0,0,0,0,0,0,11,0,0,0,0,0,0,0,0,0,0,0,0,0,7,1697
0,0,0,0,0,7,0,0,0,0,0,0,0,0,0,0,0,0,0,0,7,1698
0,0,0,8,0,0,0,0,0,0,0,0,0,0,0,0,0,0,0,0,6,1699
10,0,0,0,0,0,0,0,0,0,0,0,0,26,0,0,11,0,10,5,2,17
9,0,0,0,0,0,0,0,0,0,0,0,0,33,0,0,12,0,0,8,2,170
0,0,0,10,0,0,0,0,0,0,0,0,0,0,0,0,0,0,0,0,6,1700
0,6,0,14,0,0,0,0,0,0,0,0,0,0,0,0,0,0,0,0,12,1701
0,0,0,0,0,0,0,0,0,0,6,0,0,0,0,0,0,0,0,0,7,1705
0,0,0,0,0,6,0,0,0,0,0,0,0,0,0,0,0,0,0,0,7,1708
0,0,0,0,0,0,0,5,0,0,0,0,0,0,0,0,0,0,0,0,7,1709
9,0,0,0,0,0,0,0,0,0,0,0,0,38,0,0,19,0,0,8,1,171
0,0,6,0,0,0,0,0,0,0,0,0,0,0,0,0,0,0,0,0,7,1711
0,0,0,0,0,11,0,0,0,0,0,0,0,0,0,0,0,0,0,0,5,1713
0,0,0,8,0,0,0,0,0,0,0,0,0,0,0,0,0,0,0,0,6,1714
0,0,0,5,0,0,0,0,0,0,0,0,0,0,0,0,0,0,0,0,6,1715
0,0,0,0,0,0,0,0,0,5,0,0,0,0,0,0,0,0,0,0,11,1716
0,0,0,0,0,9,0,0,0,0,0,0,0,0,0,0,0,0,0,0,5,1717
0,0,0,15,0,0,0,0,0,0,0,0,0,0,0,0,0,0,0,0,12,1718
0,0,0,6,0,0,0,0,0,0,0,0,0,0,0,0,0,0,0,0,6,1719
5,0,0,0,0,0,0,0,0,0,0,0,0,38,0,0,13,0,0,16,2,172
0,0,0,10,0,0,0,0,0,0,0,0,0,0,0,0,0,0,0,0,6,1720
0,0,0,11,0,0,0,0,0,0,0,0,0,0,0,0,0,0,0,0,6,1722
0,0,0,9,0,0,0,0,0,0,0,0,0,0,0,0,0,0,0,0,6,1723
0,0,0,0,0,5,0,0,0,0,0,0,0,0,0,0,0,0,0,0,7,1724
0,0,0,0,0,0,10,0,0,0,0,0,0,0,0,0,0,0,0,0,7,1725
0,0,0,13,0,0,0,0,0,0,0,0,0,0,0,0,0,0,0,0,12,1726
0,0,0,0,0,0,13,0,0,0,0,0,0,0,0,0,0,0,0,0,7,1727
0,0,0,7,0,0,0,0,0,0,0,0,0,0,0,0,0,0,0,0,6,1728
0,0,0,0,0,0,5,0,0,0,0,0,0,0,0,0,0,0,0,0,7,1729
14,0,0,0,0,0,0,0,0,0,0,0,0,27,0,0,20,0,0,0,3,173
0,0,0,15,0,0,0,0,0,0,0,0,0,0,0,0,0,0,0,0,12,1730
0,0,0,5,0,0,7,0,0,0,0,0,0,0,0,0,0,0,0,0,6,1731
0,0,0,0,0,6,0,0,0,0,0,0,0,0,0,0,0,0,0,0,7,1734
0,0,0,8,0,0,0,0,0,0,0,0,0,0,0,0,0,0,0,0,6,1735
0,0,0,0,0,7,0,0,0,0,0,0,0,0,0,0,0,0,0,0,7,1736
0,0,0,0,0,7,0,0,0,0,0,0,0,0,0,0,0,0,0,0,7,1738
0,0,0,0,0,0,12,0,0,0,0,0,0,0,0,0,0,0,0,0,7,1739
8,0,0,0,0,0,0,0,0,0,0,0,0,31,0,0,11,0,0,8,2,174
0,0,0,13,0,0,0,0,0,0,0,0,0,0,0,0,0,0,0,0,12,1740
0,0,0,6,0,0,0,0,0,0,0,0,0,0,0,0,0,0,0,0,6,1741
0,0,0,0,0,0,0,0,0,6,0,0,0,0,0,0,0,0,0,0,11,1742
0,0,0,0,0,15,0,0,0,0,0,0,0,0,0,0,0,0,0,0,5,1743
0,0,0,8,0,0,0,0,0,0,0,0,0,0,0,0,0,0,0,0,6,1744
0,0,0,5,0,0,0,0,0,0,0,0,0,0,0,0,0,0,0,0,6,1745
0,0,0,11,0,0,0,0,0,0,0,0,0,0,0,0,0,0,0,0,6,1746
0,0,0,12,0,0,0,0,0,0,0,0,0,0,0,0,0,0,0,0,12,1747
0,0,0,7,0,0,0,0,0,0,0,0,0,0,0,0,0,0,0,0,6,1748
0,0,0,9,0,0,0,0,0,0,0,0,0,0,0,0,0,0,0,0,6,1749
5,0,0,0,0,0,0,0,0,0,0,0,0,33,0,0,22,0,0,5,1,175
0,0,0,7,0,0,0,0,0,0,0,0,0,0,0,0,0,0,0,0,6,1750
0,0,0,17,0,0,0,0,0,0,0,0,0,0,0,0,0,0,0,0,12,1754
0,0,0,0,0,0,8,0,0,0,0,0,0,0,0,0,0,0,0,0,7,1755
0,0,0,6,0,0,0,0,0,0,0,0,0,0,0,0,0,0,0,0,6,1756
0,0,0,12,0,0,0,0,0,0,0,0,0,0,0,0,0,0,0,0,12,1757
0,0,0,8,0,0,0,0,0,0,0,0,0,0,0,0,0,0,0,0,6,1758
0,0,0,6,0,0,0,0,0,0,0,0,0,0,0,0,0,0,0,0,6,1759
9,0,0,0,0,0,0,0,0,0,0,0,0,20,0,0,10,0,0,5,2,176
0,0,0,16,0,0,0,0,0,0,0,0,0,0,0,0,0,0,0,0,12,1760
0,0,0,0,0,9,0,0,0,0,0,0,0,0,0,0,0,0,0,0,5,1761
0,0,0,0,0,0,0,0,0,8,0,0,0,0,0,0,0,0,0,0,13,1762
0,0,0,6,0,0,0,0,0,0,0,0,0,0,0,0,0,0,0,0,6,1763
0,0,0,0,0,9,0,0,0,0,0,0,0,0,0,0,0,0,0,0,5,1764
0,0,0,16,0,0,0,0,0,0,0,0,0,0,0,0,0,0,0,0,12,1765
0,0,0,0,0,6,0,0,0,0,0,0,0,0,0,0,0,0,0,0,7,1766
0,0,0,14,0,0,0,0,0,0,0,0,0,0,0,0,0,0,0,0,12,1767
0,0,0,6,0,0,0,0,0,0,0,0,0,0,0,0,0,0,0,0,6,1768
0,0,0,6,0,0,0,0,0,0,0,0,0,0,0,0,0,0,0,0,6,1769
10,0,0,0,0,0,0,0,0,0,0,0,0,24,0,0,17,0,0,0,3,177
0,0,0,11,0,0,0,0,0,0,0,0,0,0,0,0,0,0,0,0,6,1770
0,0,0,7,0,0,0,0,0,0,0,0,0,0,0,0,0,0,0,0,6,1771
0,0,0,10,0,0,0,0,0,0,0,0,0,0,0,0,0,0,0,0,6,1772
0,0,0,0,0,10,0,0,0,0,0,0,0,0,0,0,0,0,0,0,5,1773
0,0,0,0,0,17,0,0,0,0,0,0,0,0,0,0,0,0,0,0,5,1777
0,0,0,12,0,0,0,0,0,0,0,0,0,0,0,0,0,0,0,0,12,1778
0,0,0,9,0,0,0,0,0,0,0,0,0,0,0,0,0,0,0,0,6,1779
8,0,0,0,0,0,0,0,0,0,0,0,0,43,0,0,36,0,0,0,10,178
0,0,0,0,0,0,15,0,0,0,0,0,0,0,0,0,0,0,0,0,7,1780
0,0,0,5,0,0,0,0,0,0,0,0,0,0,0,0,0,0,0,0,6,1781
0,0,0,12,0,0,0,0,0,0,0,0,0,0,0,0,0,0,0,0,12,1782
0,0,0,0,0,0,10,0,0,0,0,0,0,0,0,0,0,0,0,0,7,1783
0,0,0,0,0,15,0,0,0,0,0,0,0,0,0,0,0,0,0,0,5,1784
0,0,0,13,0,0,0,0,0,0,0,0,0,0,0,0,0,0,0,0,12,1786
0,0,0,0,0,9,0,0,0,0,0,0,0,0,0,0,0,0,0,0,5,1787
0,0,0,8,0,0,0,0,0,0,0,0,0,0,0,0,0,0,0,0,6,1789
0,0,0,0,0,0,0,0,0,0,0,0,0,35,0,0,20,0,0,6,4,179
0,0,0,13,0,0,0,0,0,0,0,0,0,0,0,0,0,0,0,0,12,1790
0,0,0,0,0,6,0,0,0,0,0,0,0,0,0,0,0,0,0,0,7,1791
0,0,0,16,0,0,0,0,0,0,0,0,0,0,0,0,0,0,0,0,12,1792
0,0,0,0,0,0,17,0,0,0,0,0,0,0,0,0,0,0,0,0,7,1793
0,0,0,7,0,0,0,0,0,0,0,0,0,0,0,0,0,0,0,0,6,1794
0,0,0,0,0,0,0,0,0,12,0,0,0,0,0,0,0,0,0,0,8,1795
0,0,0,0,0,0,7,0,0,0,0,0,0,0,0,0,0,0,0,0,7,1796
0,0,0,9,0,0,0,0,0,0,0,0,0,0,0,0,0,0,0,0,6,1797
0,0,0,0,0,9,0,0,0,0,0,0,0,0,0,0,0,0,0,0,5,1799
7,0,0,0,0,0,0,0,0,0,0,0,0,29,0,0,27,0,0,0,3,18
0,0,0,0,0,0,0,0,0,0,0,0,0,30,0,0,23,0,0,0,4,180
0,0,0,0,0,15,0,0,0,0,0,0,0,0,0,0,0,0,0,0,5,1801
0,0,0,5,0,0,0,0,0,0,0,0,0,0,0,0,0,0,0,0,6,1802
0,0,0,17,0,0,0,0,0,0,0,0,0,0,0,0,0,0,0,0,12,1803
0,0,0,8,0,0,0,0,0,0,0,0,0,0,0,0,0,0,0,0,6,1804
0,0,0,6,0,0,0,0,0,0,0,0,0,0,0,0,0,0,0,0,6,1805
0,0,0,0,0,16,0,0,0,0,0,0,0,0,0,0,0,0,0,0,5,1806
0,0,0,0,0,0,12,0,0,0,0,0,0,0,0,0,0,0,0,0,7,1807
0,0,0,8,0,0,0,0,0,0,0,0,0,0,0,0,0,0,0,0,6,1808
0,0,0,0,0,0,0,0,0,7,0,0,0,0,0,0,0,0,0,0,11,1809
8,0,0,0,0,0,0,0,0,0,0,0,0,23,0,0,12,0,0,0,2,181
0,0,0,5,0,0,0,0,0,0,0,0,0,0,0,0,0,0,0,0,6,1810
0,0,0,0,0,10,0,0,0,0,0,0,0,0,0,0,0,0,0,0,5,1811
0,0,0,0,0,0,10,0,0,0,0,0,0,0,0,0,0,0,0,0,7,1813
0,0,0,5,0,0,0,0,0,0,0,0,0,0,0,0,0,0,0,0,6,1814
0,0,0,9,0,0,0,0,0,0,0,0,0,0,0,0,0,0,0,0,6,1819
12,0,0,0,0,0,0,0,0,0,0,0,0,33,0,0,25,0,0,0,3,182
0,0,0,0,0,11,0,0,0,0,0,0,0,0,0,0,0,0,0,0,5,1820
0,0,0,6,0,0,0,0,0,0,0,0,0,0,0,0,0,0,0,0,6,1821
0,0,0,0,0,0,0,0,0,11,0,0,0,0,0,0,0,0,0,0,8,1822
0,0,0,0,0,0,0,0,0,0,0,0,9,0,0,0,0,0,0,0,7,1823
0,0,0,9,0,0,0,0,0,0,0,0,0,0,0,0,0,0,0,0,6,1824
0,0,0,0,0,0,0,0,8,0,0,0,0,0,0,0,0,0,0,0,7,1825
0,0,0,11,0,0,0,0,0,0,0,0,0,0,0,0,0,0,0,0,6,1826
0,0,6,5,0,0,0,0,0,0,0,0,0,0,0,0,0,0,0,0,6,1827
0,0,0,16,0,0,0,0,0,0,0,0,0,0,0,0,0,0,0,0,12,1828
0,0,0,0,0,0,0,0,0,5,0,0,0,0,0,0,0,0,0,0,11,1829
0,0,0,0,0,0,0,0,0,0,0,0,0,31,0,0,10,0,7,8,2,183
0,0,0,0,0,0,0,0,0,0,0,0,5,0,0,0,0,0,0,0,7,1830
0,0,0,0,0,6,0,0,0,0,0,0,0,0,0,0,0,0,0,0,7,1831
0,0,0,6,0,0,0,0,0,0,0,0,0,0,0,0,0,0,0,0,6,1832
0,0,0,0,0,13,0,0,0,0,0,0,0,0,0,0,0,0,0,0,5,1833
0,0,0,0,0,0,0,0,0,7,0,0,0,0,0,0,0,0,0,0,11,1834
0,0,0,0,0,5,0,0,0,0,0,0,0,0,0,0,0,0,0,0,7,1835
0,0,0,11,0,0,0,0,0,0,0,0,0,0,0,0,0,0,0,0,6,1836
0,0,0,0,0,11,0,0,0,0,0,0,0,0,0,0,0,0,0,0,5,1837
0,0,0,0,0,0,0,0,0,5,0,0,0,0,0,0,0,0,0,0,11,1838
0,0,0,11,0,0,0,0,0,0,0,0,0,0,0,0,0,0,0,0,6,1839
9,0,0,0,0,0,0,0,0,0,0,0,0,35,0,0,10,0,8,11,2,184
0,0,0,0,0,6,0,0,0,0,0,0,0,0,0,0,0,0,0,0,7,1840
0,0,0,0,0,0,0,0,0,0,0,7,0,0,0,0,0,0,0,0,7,1841
0,0,0,5,0,0,0,0,0,0,0,0,0,0,0,0,0,0,0,0,6,1842
0,0,0,9,0,0,0,0,0,0,0,0,0,0,0,0,0,0,0,0,6,1843
0,0,0,0,0,0,0,0,0,7,0,0,0,0,0,0,0,0,0,0,11,1844
0,0,0,0,0,0,12,0,0,0,0,0,0,0,0,0,0,0,0,0,7,1845
0,0,0,5,0,0,0,0,0,0,0,0,0,0,0,0,0,0,0,0,6,1847
0,0,0,0,0,11,0,0,0,0,0,0,0,0,0,0,0,0,0,0,5,1848
7,0,0,0,0,0,0,0,0,0,0,0,0,30,0,0,23,0,0,0,3,185
0,0,0,8,0,0,0,0,0,0,0,0,0,0,0,0,0,0,0,0,6,1850
0,0,0,0,0,9,0,0,0,0,0,0,0,0,0,0,0,0,0,0,5,1851
0,0,0,0,0,7,0,0,0,0,0,0,0,0,0,0,0,0,0,0,7,1852
0,0,0,0,0,9,0,0,0,0,0,0,0,0,0,0,0,0,0,0,5,1853
0,0,0,0,0,12,0,0,0,0,0,0,0,0,0,0,0,0,0,0,5,1854
0,0,0,5,0,0,0,0,0,0,0,0,0,0,0,0,0,0,0,0,6,1855
0,0,0,0,0,0,0,0,0,11,0,0,0,0,0,0,0,0,0,0,8,1857
0,0,0,0,0,0,9,0,0,0,0,0,0,0,0,0,0,0,0,0,7,1858
0,0,0,10,0,0,0,0,0,0,0,0,0,0,0,0,0,0,0,0,6,1859
7,0,0,0,0,0,0,0,0,0,0,0,0,28,0,0,14,0,0,5,2,186
0,0,0,0,0,0,0,0,0,5,0,0,0,0,0,0,0,0,0,0,11,1860
0,0,0,8,0,0,0,0,0,0,0,0,0,0,0,0,0,0,0,0,6,1861
0,0,0,7,0,0,0,0,0,0,0,0,0,0,0,0,0,0,0,0,6,1862
0,0,0,16,0,0,0,0,0,0,0,0,0,0,0,0,0,0,0,0,12,1863
0,0,0,5,0,0,0,0,0,0,0,0,0,0,0,0,0,0,0,0,6,1864
0,0,0,6,0,0,0,0,0,0,0,0,0,0,0,0,0,0,0,0,6,1865
0,0,0,11,0,0,0,0,0,0,0,0,0,0,0,0,0,0,0,0,6,1866
0,0,0,0,0,13,0,0,0,0,0,0,0,0,0,0,0,0,0,0,5,1867
0,0,0,0,0,12,0,0,0,0,0,0,0,0,0,0,0,0,0,0,5,1868
0,0,0,0,0,0,0,0,0,11,0,0,0,0,0,0,0,0,0,0,8,1869
6,0,0,0,0,0,0,0,0,0,0,0,0,37,0,0,10,0,0,15,2,187
0,0,0,0,0,0,0,0,8,0,0,0,0,0,0,0,0,0,0,0,7,1870
0,0,0,0,0,14,0,0,0,0,0,0,0,0,0,0,0,0,0,0,5,1871
0,0,0,11,0,0,0,0,0,0,0,0,0,0,0,0,0,0,0,0,6,1872
0,0,0,0,0,0,7,0,0,0,0,0,0,0,0,0,0,0,0,0,7,1873
0,0,0,0,0,7,0,0,0,0,0,0,0,0,0,0,0,0,0,0,7,1875
0,0,0,0,0,6,0,0,0,0,0,0,0,0,0,0,0,0,0,0,7,1876
0,0,0,5,0,0,0,0,0,0,0,0,0,0,0,0,0,0,0,0,6,1877
0,0,0,0,0,0,0,8,0,0,0,0,0,0,0,0,0,0,0,0,9,1878
0,0,0,9,0,0,0,0,0,0,0,0,0,0,0,0,0,0,0,0,6,1879
11,0,0,0,0,0,0,0,0,0,0,0,0,35,0,0,18,0,5,7,1,188
0,0,0,0,0,0,0,0,0,16,0,0,0,0,0,0,0,0,0,0,8,1881
0,0,0,10,0,0,0,0,0,0,0,0,0,0,0,0,0,0,0,0,6,1882
0,0,0,6,0,0,0,0,0,0,0,0,0,0,0,0,0,0,0,0,6,1883
0,0,0,0,0,8,0,0,0,0,0,0,0,0,0,0,0,0,0,0,5,1884
0,0,0,5,0,0,0,0,0,0,0,0,0,0,0,0,0,0,0,0,6,1885
0,0,0,0,0,18,0,0,0,0,0,0,0,0,0,0,0,0,0,0,5,1886
0,0,0,10,0,0,0,0,0,0,0,0,0,0,0,0,0,0,0,0,6,1887
0,0,0,0,0,0,0,0,0,0,0,0,11,0,0,0,0,0,0,0,7,1888
0,0,0,5,0,0,0,0,0,0,0,0,0,0,0,0,0,0,0,0,6,1889
9,0,0,0,0,0,0,0,0,0,0,0,0,28,0,0,21,0,0,0,3,189
0,0,0,0,0,9,0,0,0,0,0,0,0,0,0,0,0,0,0,0,5,1890
0,0,0,14,0,0,0,0,0,0,0,0,0,0,0,0,0,0,0,0,12,1891
0,0,0,0,0,8,0,0,0,0,0,0,0,0,0,0,0,0,0,0,5,1892
0,0,0,0,0,0,11,0,0,0,0,0,0,0,0,0,0,0,0,0,7,1893
0,0,0,5,0,5,0,0,0,0,0,0,0,0,0,0,0,0,0,0,7,1894
0,0,0,8,0,0,0,0,0,0,0,0,0,0,0,0,0,0,0,0,6,1895
0,0,0,0,0,9,0,0,0,0,0,0,0,0,0,0,0,0,0,0,5,1896
0,0,0,16,0,0,0,0,0,0,0,0,0,0,0,0,0,0,0,0,12,1897
0,0,0,9,0,0,0,0,0,0,0,0,0,0,0,0,0,0,0,0,6,1898
0,0,0,11,0,0,0,0,0,0,0,0,0,0,0,0,0,0,0,0,6,1899
5,0,0,0,0,0,0,0,0,0,0,0,0,26,0,0,17,0,7,0,3,19
12,0,0,0,0,0,0,0,0,0,0,0,0,35,0,0,30,0,0,0,3,190
0,0,0,0,0,0,12,0,0,0,0,0,0,0,0,0,0,0,0,0,7,1900
0,0,0,0,0,13,0,0,0,0,0,0,0,0,0,0,0,0,0,0,5,1901
0,0,0,0,0,0,0,0,0,8,0,0,0,0,0,0,0,0,0,0,13,1902
0,0,6,9,0,0,0,0,0,0,0,0,0,0,0,0,0,0,0,0,6,1903
0,0,0,0,0,0,12,0,0,0,0,0,0,0,0,0,0,0,0,0,7,1904
0,0,0,0,0,0,12,0,0,0,0,0,0,0,0,0,0,0,0,0,7,1905
0,0,0,0,0,0,0,0,0,7,0,0,0,0,0,0,0,0,0,0,11,1906
0,0,0,8,0,0,0,0,0,0,0,0,0,0,0,0,0,0,0,0,6,1907
0,0,0,6,0,0,0,0,0,0,0,0,0,0,0,0,0,0,0,0,6,1908
0,0,0,7,0,0,0,0,0,0,0,0,0,0,0,0,0,0,0,0,6,1909
9,0,0,0,0,0,0,0,0,0,0,0,0,30,0,0,18,0,0,0,3,191
0,0,0,10,0,0,0,0,0,0,0,0,0,0,0,0,0,0,0,0,6,1910
0,0,0,16,0,0,0,0,0,0,0,0,0,0,0,0,0,0,0,0,12,1911
0,0,0,5,0,0,0,0,0,0,0,0,0,0,0,0,0,0,0,0,6,1912
0,0,0,14,0,0,0,0,0,0,0,0,0,0,0,0,0,0,0,0,12,1913
0,0,0,11,0,0,0,0,0,0,0,0,0,0,0,0,0,0,0,0,6,1915
0,0,0,0,0,9,0,0,0,0,0,0,0,0,0,0,0,0,0,0,5,1916
0,0,0,10,0,0,0,0,0,0,0,0,0,0,0,0,0,0,0,0,6,1917
0,0,0,6,0,0,0,0,0,0,0,0,0,0,0,0,0,0,0,0,6,1918
12,0,0,0,0,0,0,0,0,0,0,0,0,37,0,0,31,0,0,0,3,192
0,0,0,0,0,5,0,0,0,0,0,0,0,0,0,0,0,0,0,0,7,1920
0,0,0,9,0,0,0,0,0,0,0,0,0,0,0,0,0,0,0,0,6,1921
0,0,0,12,0,0,0,0,0,0,0,0,0,0,0,0,0,0,0,0,12,1922
0,0,0,5,0,0,0,0,0,0,0,0,0,0,0,0,0,0,0,0,6,1923
0,0,0,0,0,5,0,0,0,0,0,0,0,0,0,0,0,0,0,0,7,1924
0,0,0,7,0,0,0,0,0,0,0,0,0,0,0,0,0,0,0,0,6,1925
0,0,0,9,0,0,0,0,0,0,0,0,0,0,0,0,0,0,0,0,6,1926
0,0,0,0,0,9,0,0,0,0,0,0,0,0,0,0,0,0,0,0,5,1927
0,0,0,0,0,0,0,0,0,12,0,0,0,0,0,0,0,0,0,0,8,1928
7,0,0,0,0,0,0,0,0,0,0,0,0,34,0,0,17,0,0,5,1,193
0,0,0,0,0,0,0,0,0,0,0,0,6,0,0,0,0,0,0,0,7,1930
0,0,0,11,0,0,0,0,0,0,0,0,0,0,0,0,0,0,0,0,6,1931
0,0,0,0,0,0,12,0,0,0,0,0,0,0,0,0,0,0,0,0,7,1932
0,0,0,9,0,0,0,0,0,0,0,0,0,0,0,0,0,0,0,0,6,1933
0,0,0,7,0,0,0,0,0,0,0,0,0,0,0,0,0,0,0,0,6,1936
0,0,0,8,0,0,0,0,0,0,0,0,0,0,0,0,0,0,0,0,6,1937
0,0,0,0,0,14,0,0,0,0,0,0,0,0,0,0,0,0,0,0,5,1938
0,0,0,0,0,0,5,0,0,0,0,0,0,0,0,0,0,0,0,0,7,1939
9,0,0,0,0,0,0,0,0,0,0,0,0,27,0,0,14,0,7,9,2,194
0,0,0,0,0,0,12,0,0,0,0,0,0,0,0,0,0,0,0,0,7,1940
0,0,0,5,0,0,0,0,0,0,0,0,0,0,0,0,0,0,0,0,6,1942
0,0,0,0,0,12,0,0,0,0,0,0,0,0,0,0,0,0,0,0,5,1944
0,0,0,12,0,0,0,0,0,0,0,0,0,0,0,0,0,0,0,0,12,1945
0,0,0,9,0,0,0,0,0,0,0,0,0,0,0,0,0,0,0,0,6,1946
0,0,0,10,0,0,0,0,0,0,0,0,0,0,0,0,0,0,0,0,6,1948
0,0,0,7,0,0,0,0,0,0,0,0,0,0,0,0,0,0,0,0,6,1949
11,0,0,0,0,0,0,0,0,0,0,0,0,26,0,0,9,0,5,8,2,195
0,0,0,10,0,0,0,0,0,0,0,0,0,0,0,0,0,0,0,0,6,1950
0,0,0,9,0,0,0,0,0,0,0,0,0,0,0,0,0,0,0,0,6,1951
0,0,0,0,0,0,0,0,0,15,0,0,0,0,0,0,0,0,0,0,8,1953
0,0,0,0,0,0,0,0,0,0,0,7,0,0,0,0,0,0,0,0,7,1954
0,0,0,0,0,0,0,0,6,0,0,0,0,0,0,0,0,0,0,0,7,1955
0,0,0,0,0,0,10,0,0,0,0,0,0,0,0,0,0,0,0,0,7,1956
0,0,0,6,0,0,0,0,0,0,0,0,0,0,0,0,0,0,0,0,6,1957
0,0,0,16,0,0,0,0,0,0,0,0,0,0,0,0,0,0,0,0,12,1959
10,0,0,0,0,0,0,0,0,0,0,0,0,20,0,0,6,0,0,5,2,196
0,0,0,0,0,8,0,0,0,0,0,0,0,0,0,0,0,0,0,0,5,1960
0,0,0,0,0,8,0,0,0,0,0,0,0,0,0,0,0,0,0,0,5,1961
0,0,0,0,0,8,0,0,0,0,0,0,0,0,0,0,0,0,0,0,5,1962
0,0,0,0,0,5,0,0,0,0,0,0,0,0,0,0,0,0,0,0,7,1963
0,0,0,8,0,0,0,0,0,0,0,0,0,0,0,0,0,0,0,0,6,1964
0,0,0,0,0,0,9,0,0,0,0,0,0,0,0,0,0,0,0,0,7,1965
0,0,0,0,0,11,0,0,0,0,0,0,0,0,0,0,0,0,0,0,5,1966
0,0,0,9,0,0,0,0,0,0,0,0,0,0,0,0,0,0,0,0,6,1967
0,0,0,0,0,7,0,0,0,0,0,0,0,0,0,0,0,0,0,0,7,1968
6,0,0,0,0,0,0,0,0,0,0,0,0,37,5,0,26,0,0,0,4,197
0,0,0,6,0,0,0,0,0,0,0,0,0,0,0,0,0,0,0,0,6,1970
0,0,0,8,0,0,0,0,0,0,0,0,0,0,0,0,0,0,0,0,6,1971
0,0,0,9,0,0,0,0,0,0,0,0,0,0,0,0,0,0,0,0,6,1972
0,0,0,0,0,0,9,0,0,0,0,0,0,0,0,0,0,0,0,0,7,1973
0,0,0,9,0,0,0,0,0,0,0,0,0,0,0,0,0,0,0,0,6,1974
0,0,0,6,0,0,0,0,0,0,0,0,0,0,0,0,0,0,0,0,6,1975
0,0,0,0,0,0,0,0,0,0,0,0,9,0,0,0,0,0,0,0,7,1976
0,0,0,0,0,7,0,0,0,0,0,0,0,0,0,0,0,0,0,0,7,1977
0,0,0,0,0,8,0,0,0,0,0,0,0,0,0,0,0,0,0,0,5,1978
5,0,0,0,0,0,0,0,0,0,0,0,0,33,0,0,29,0,0,0,4,198
0,0,0,0,0,7,0,0,0,0,0,0,0,0,0,0,0,0,0,0,7,1982
0,0,0,7,0,0,0,0,0,0,0,0,0,0,0,0,0,0,0,0,6,1983
0,0,0,13,0,0,0,0,0,0,0,0,0,0,0,0,0,0,0,0,12,1986
0,0,0,0,0,11,0,0,0,0,0,0,0,0,0,0,0,0,0,0,5,1987
0,0,0,11,0,0,0,0,0,0,0,0,0,0,0,0,0,0,0,0,6,1988
0,0,0,6,0,0,0,0,0,0,0,0,0,0,0,0,0,0,0,0,6,1989
12,0,0,0,0,0,0,0,0,0,0,0,0,31,0,0,16,0,0,8,1,199
0,0,0,0,0,8,0,0,0,0,0,0,0,0,0,0,0,0,0,0,5,1990
0,0,0,0,0,5,0,0,0,0,0,0,0,0,0,0,0,0,0,0,7,1991
0,0,0,20,0,0,0,0,0,0,0,0,0,0,0,0,0,0,0,0,12,1992
0,0,0,0,0,8,0,0,0,0,0,0,0,0,0,0,0,0,0,0,5,1993
0,0,0,0,0,0,0,0,0,0,0,0,6,0,0,0,0,0,0,0,7,1994
0,0,0,0,0,9,0,0,0,0,0,0,0,0,0,0,0,0,0,0,5,1995
0,0,0,0,0,5,0,0,0,0,0,0,0,0,0,0,0,0,0,0,7,1997
0,0,0,0,0,8,0,0,0,0,0,0,0,0,0,0,0,0,0,0,5,1998
0,0,0,7,0,0,0,0,0,0,0,0,0,0,0,0,0,0,0,0,6,1999
12,0,0,0,0,0,0,0,0,0,0,0,0,36,0,0,11,0,0,13,2,2
7,0,0,0,0,0,0,0,0,0,0,0,0,29,0,0,12,0,7,6,2,20
8,0,0,0,0,0,0,0,0,0,0,0,0,35,0,0,26,0,0,0,3,200
9,0,0,0,0,0,0,0,0,0,0,0,0,29,0,0,21,0,0,0,3,201
5,0,0,0,0,0,0,0,0,0,0,0,0,28,0,0,10,0,0,8,2,202
6,0,0,0,0,0,0,0,0,0,0,0,0,22,0,0,9,0,5,5,2,203
13,0,0,0,0,0,0,0,0,0,0,0,0,29,0,0,23,0,0,0,3,204
7,0,0,0,0,0,0,0,0,0,0,0,0,33,0,0,15,0,9,6,2,205
9,0,0,0,0,0,0,0,0,0,0,0,0,24,0,0,5,0,0,13,2,206
8,0,0,0,0,0,0,0,0,0,0,0,0,32,0,0,21,0,0,0,3,207
0,0,0,0,0,0,0,0,0,0,0,0,0,41,0,0,11,0,9,11,2,208
0,0,0,0,0,0,0,0,0,0,0,0,0,37,0,0,16,0,9,10,2,209
7,0,0,0,0,0,0,0,0,0,0,0,0,49,0,0,26,0,0,7,10,21
13,0,0,0,0,0,0,0,0,0,0,0,0,40,0,0,16,0,0,11,1,210
6,0,0,0,0,0,0,0,0,0,0,0,0,31,0,0,15,0,0,5,2,211
10,0,0,0,0,0,0,0,0,0,0,0,0,42,0,0,15,0,5,8,1,212
8,0,0,0,0,0,0,0,0,0,0,0,0,38,0,0,8,0,0,11,2,213
6,0,0,0,0,0,0,0,0,0,0,0,0,40,0,0,27,0,0,0,10,214
11,0,0,0,0,0,0,0,0,0,0,0,0,34,0,0,11,0,8,7,2,215
5,0,0,0,0,0,0,0,0,0,0,0,0,33,0,0,23,0,0,0,4,216
5,0,0,0,0,0,0,0,0,0,0,0,0,28,0,0,15,0,0,6,2,217
0,0,0,0,0,0,0,0,0,0,0,0,0,32,0,0,26,0,0,0,4,218
10,0,0,0,0,0,0,0,0,0,0,0,0,39,0,0,29,0,0,0,10,219
6,0,0,0,0,0,0,0,0,0,0,0,0,34,0,0,13,0,0,6,2,22
7,0,0,0,0,0,0,0,0,0,0,0,0,27,0,0,21,0,0,0,3,220
14,0,0,0,0,0,0,0,0,0,0,0,0,33,0,0,16,0,6,7,1,221
8,0,0,0,0,0,0,0,0,0,0,0,0,45,0,0,35,0,5,0,10,222
0,0,0,0,0,0,0,0,0,0,0,0,0,34,0,0,18,0,0,6,4,223
6,0,0,0,0,0,0,0,0,0,0,0,0,33,0,0,9,0,5,11,2,224
7,0,0,0,0,0,0,0,0,0,0,0,0,30,0,0,10,0,0,10,2,225
0,0,0,0,0,0,0,0,0,0,0,0,0,37,0,0,25,0,0,0,4,226
5,0,0,0,0,0,0,0,0,0,0,0,0,35,0,0,17,0,0,7,1,227
7,0,0,0,0,0,0,0,0,0,0,0,0,30,0,0,25,0,0,0,3,228
12,0,0,0,0,0,0,0,0,0,0,0,0,32,0,0,21,0,0,0,3,229
8,0,0,0,0,0,0,0,0,0,0,0,0,31,0,0,12,0,5,9,2,23
5,0,0,0,0,0,0,0,0,0,0,0,0,36,0,0,20,0,0,6,1,230
7,0,0,0,0,0,0,0,0,0,0,0,0,30,0,0,19,0,0,0,3,231
7,0,0,0,0,0,0,0,0,0,0,0,0,36,0,0,26,0,0,0,3,232
5,0,0,0,0,0,0,0,0,0,0,0,0,29,0,0,0,0,8,10,2,233
16,0,0,0,0,0,0,0,0,0,0,0,0,30,0,0,6,0,6,11,2,234
6,0,0,0,0,0,0,0,0,0,0,0,0,39,0,0,23,0,0,5,1,235
10,0,0,0,0,0,0,0,0,0,0,0,0,32,0,0,8,0,7,11,2,236
8,0,0,0,0,0,0,0,0,0,0,0,0,30,0,0,12,0,8,10,2,237
13,0,0,0,0,0,0,0,0,0,0,0,0,44,0,0,38,0,0,0,10,238
0,0,0,0,0,0,0,0,0,0,0,0,0,36,0,0,21,0,0,0,4,239
8,0,0,0,0,0,0,0,0,0,0,0,0,19,0,0,7,0,0,0,2,24
10,0,0,0,0,0,0,0,0,0,0,0,0,28,0,0,13,0,7,5,2,240
5,0,0,0,0,0,0,0,0,0,0,0,0,27,0,0,17,0,0,0,3,241
11,0,0,0,0,0,0,0,0,0,0,0,0,25,0,0,19,0,6,0,3,242
10,0,0,0,0,0,0,0,0,0,0,0,0,33,0,0,30,0,0,0,3,243
7,0,0,0,0,0,0,0,0,0,0,0,0,29,0,0,19,0,6,0,3,244
5,0,0,0,0,0,0,0,0,0,0,0,0,32,0,0,10,0,6,9,2,245
7,0,0,0,0,0,0,0,0,0,0,0,0,36,0,0,14,0,7,10,2,246
9,0,0,0,0,0,0,0,0,0,0,0,0,38,0,0,14,0,0,10,2,247
0,0,0,0,0,0,0,0,0,0,0,0,0,33,0,0,24,0,5,0,4,248
0,0,0,0,0,0,0,0,0,0,0,0,0,31,0,0,24,0,0,0,4,249
7,0,0,0,0,0,0,0,0,0,0,0,0,21,0,0,8,0,0,6,2,25
7,0,0,0,0,0,0,0,0,0,0,0,0,29,0,0,9,0,0,11,2,250
14,0,0,0,0,0,0,0,0,0,0,0,0,32,0,0,10,0,0,9,2,251
10,0,0,0,0,0,0,0,0,0,0,0,0,42,0,0,28,0,0,0,10,252
8,0,0,0,0,0,0,0,0,0,0,0,0,27,0,0,13,0,0,6,2,253
0,0,0,0,0,0,0,0,0,0,0,0,0,34,0,0,32,0,0,0,4,254
8,0,0,0,0,0,0,0,0,0,0,0,0,28,0,0,13,0,0,6,2,255
0,0,0,0,0,0,0,0,0,0,0,0,0,29,0,0,17,0,0,0,4,256
9,0,0,0,0,0,0,0,0,0,0,0,0,33,5,0,29,0,0,0,3,257
10,0,0,0,0,0,0,0,0,0,0,0,0,29,0,0,10,0,6,7,2,258
9,0,0,0,0,0,0,0,0,0,0,0,0,32,0,0,9,0,7,13,2,259
8,0,0,0,0,0,0,0,0,0,0,0,0,35,0,0,26,0,6,0,3,26
7,0,0,0,0,0,0,0,0,0,0,0,0,34,0,0,15,0,0,6,1,260
5,0,0,0,0,0,0,0,0,0,0,0,0,29,0,0,13,0,0,0,2,261
10,0,0,0,0,0,0,0,0,0,0,0,0,18,0,0,12,0,0,0,2,262
7,0,0,0,0,0,0,0,0,0,0,0,0,22,0,0,11,0,0,7,2,263
7,0,0,0,0,0,0,0,0,0,0,0,0,36,0,0,21,0,5,6,1,264
6,0,0,0,0,0,0,0,0,0,0,0,0,29,0,0,20,0,0,0,3,265
10,0,0,0,0,0,0,0,0,0,0,0,0,26,0,0,19,0,0,0,3,266
5,0,0,0,0,0,0,0,0,0,0,0,0,26,0,0,12,0,0,5,2,267
0,0,0,0,0,0,0,0,0,0,0,0,0,34,0,0,11,0,0,14,2,268
8,0,0,0,0,0,0,0,0,0,0,0,0,32,0,0,18,0,0,6,1,269
12,0,0,0,0,0,0,0,0,0,0,0,0,35,0,0,19,0,0,0,1,27
5,0,0,0,0,0,0,0,0,0,0,0,0,33,0,0,14,0,0,12,2,270
13,0,0,0,0,0,0,0,0,0,0,0,0,26,0,0,21,0,5,0,3,271
11,0,0,0,0,0,0,0,0,0,0,0,0,31,0,0,23,0,0,0,3,272
9,0,0,0,0,0,0,0,0,0,0,0,0,26,0,0,17,0,0,0,3,273
8,0,0,0,0,0,0,0,0,0,0,0,0,39,0,0,32,0,0,0,10,274
8,0,0,0,0,0,0,0,0,0,0,0,0,34,0,0,15,0,6,6,1,275
8,0,0,0,0,0,0,0,0,0,0,0,0,34,0,0,11,0,0,6,2,276
14,0,0,0,0,0,0,0,0,0,0,0,0,32,0,0,22,0,0,0,3,277
8,0,0,0,0,0,0,0,0,0,0,0,0,38,0,0,30,0,0,0,10,278
11,0,0,0,0,0,0,0,0,0,0,0,0,31,0,0,12,0,0,9,2,279
6,0,0,0,0,0,0,0,0,0,0,0,0,33,0,0,7,0,0,13,2,28
9,0,0,0,0,0,0,0,0,0,0,0,0,22,0,0,10,0,7,6,2,280
8,0,0,0,0,0,0,0,0,0,0,0,0,32,0,0,12,0,5,9,2,281
11,0,0,0,0,0,0,0,0,0,0,0,0,35,0,0,27,0,0,0,3,282
7,0,0,0,0,0,0,0,0,0,0,0,0,27,0,0,13,0,5,6,2,283
5,0,0,0,0,0,0,0,0,0,0,0,0,21,0,0,0,0,0,8,2,284
12,0,0,0,0,0,0,0,0,0,0,0,0,26,0,0,12,0,0,5,2,285
0,0,0,0,0,0,0,0,0,0,0,0,0,31,0,0,13,0,6,6,2,286
0,0,0,0,0,0,0,0,0,0,0,0,0,31,0,0,25,0,0,0,4,287
0,0,0,0,0,0,0,0,0,0,0,0,0,33,0,0,24,0,0,0,4,288
6,0,0,0,0,0,0,0,0,0,0,0,0,35,0,0,24,0,0,6,1,289
0,0,0,0,0,0,0,0,0,0,0,0,0,43,0,0,25,0,0,7,10,29
6,0,0,0,0,0,0,0,0,0,0,0,0,21,0,0,9,0,0,5,2,290
9,0,0,0,0,0,0,0,0,0,0,0,0,31,0,0,14,0,0,5,2,291
9,0,0,0,0,0,0,0,0,0,0,0,0,32,0,0,11,0,0,9,2,292
12,0,0,0,0,0,0,0,0,0,0,0,0,31,0,0,13,0,0,6,2,293
0,0,0,0,0,0,0,0,0,0,0,0,0,23,0,0,8,0,0,6,2,294
11,0,0,0,0,0,0,0,0,0,0,0,0,36,0,0,31,0,5,0,3,295
6,0,0,0,0,0,0,0,0,0,0,0,0,29,0,0,20,0,0,0,3,296
6,0,0,0,0,0,0,0,0,0,0,0,0,28,0,0,8,0,0,9,2,297
8,0,0,0,0,0,0,0,0,0,0,0,0,22,0,0,12,0,0,0,2,298
10,0,0,0,0,0,0,0,0,0,0,0,0,36,0,0,15,0,7,10,1,299
8,0,0,0,0,0,0,0,0,0,0,0,0,28,0,0,9,0,6,9,2,3
8,0,0,0,0,0,0,0,0,0,0,0,0,39,0,0,21,0,0,10,1,30
6,0,0,0,0,0,0,0,0,0,0,0,0,30,0,0,14,0,8,0,1,300
6,0,0,0,0,0,0,0,0,0,0,0,0,31,0,0,23,0,0,0,3,301
6,0,0,0,0,0,0,0,0,0,0,0,0,23,0,0,10,0,0,6,2,302
6,0,0,0,0,0,0,0,0,0,0,0,0,24,0,0,6,0,5,8,2,303
7,0,0,0,0,0,0,0,0,0,0,0,0,26,0,0,19,0,0,0,3,304
9,0,0,0,0,0,0,0,0,0,0,0,0,31,0,0,13,0,6,9,2,305
8,0,0,0,0,0,0,0,0,0,0,0,0,31,0,0,22,0,0,0,3,306
11,0,0,0,0,0,0,0,0,0,0,0,0,33,0,0,24,0,0,0,3,307
12,0,0,0,0,0,0,0,0,0,0,0,0,32,0,0,11,0,0,7,2,308
8,0,0,0,0,0,0,0,0,0,0,0,0,42,0,0,12,0,0,17,2,309
10,0,0,0,0,0,0,0,0,0,0,0,0,36,0,0,31,0,0,0,3,31
9,0,0,0,0,0,0,0,0,0,0,0,0,32,0,0,23,0,0,6,1,310
9,0,0,0,0,0,0,0,0,0,0,0,0,27,0,0,12,0,8,6,2,311
7,0,0,0,0,0,0,0,0,0,0,0,0,30,0,0,18,0,0,0,3,312
12,0,0,0,0,0,0,0,0,0,0,0,0,28,0,0,19,0,0,0,3,313
10,0,0,0,0,0,0,0,0,0,0,0,0,32,0,0,16,0,6,8,1,314
0,0,0,0,0,0,0,0,0,0,0,0,0,29,0,0,27,0,0,0,4,315
7,0,0,0,0,0,0,0,0,0,0,0,0,33,0,0,33,0,0,0,3,316
6,0,0,0,0,0,0,0,0,0,0,0,0,29,0,0,12,0,5,6,2,317
6,0,0,0,0,0,0,0,0,0,0,0,0,40,0,0,9,0,0,13,2,318
12,0,0,0,0,0,0,0,0,0,0,0,0,48,0,0,18,0,0,14,1,319
0,0,0,0,0,0,0,0,0,0,0,0,0,29,0,0,11,0,6,6,2,32
10,0,0,0,0,0,0,0,0,0,0,0,0,33,0,0,13,0,0,10,2,320
5,0,0,0,0,0,0,0,0,0,0,0,0,30,0,0,22,0,0,0,4,321
9,0,0,0,0,0,0,0,0,0,0,0,0,21,0,0,7,0,0,8,2,322
13,0,0,0,0,0,0,0,0,0,0,0,0,31,0,0,18,0,5,6,1,323
7,0,0,0,0,0,0,0,0,0,0,0,0,32,0,0,15,0,0,5,1,324
14,0,0,0,0,0,0,0,0,0,0,0,0,30,0,0,12,0,0,0,1,325
5,0,0,0,0,0,0,0,0,0,0,0,0,37,0,0,23,0,6,0,4,326
9,0,0,0,0,0,0,0,0,0,0,0,0,36,0,0,24,0,0,0,3,327
5,0,0,0,0,0,0,0,0,0,0,0,0,32,0,0,13,0,8,10,2,328
10,0,0,0,0,0,0,0,0,0,0,0,0,24,0,0,11,0,5,5,2,329
6,0,0,0,0,0,0,0,0,0,0,0,0,35,0,0,25,0,0,0,4,33
7,0,0,0,0,0,0,0,0,0,0,0,0,31,0,0,18,0,5,7,1,330
7,0,0,0,0,0,0,0,0,0,0,0,0,29,0,0,14,0,6,5,2,331
9,0,0,0,0,0,0,0,0,0,0,0,0,24,0,0,19,0,0,0,3,332
10,0,0,0,0,0,0,0,0,0,0,0,0,28,0,0,14,0,0,8,2,333
12,0,0,0,0,0,0,0,0,0,0,0,0,38,0,0,6,0,0,14,2,334
5,0,0,0,0,0,0,0,0,0,0,0,0,46,0,0,33,0,0,5,10,335
11,0,0,0,0,0,0,0,0,0,0,0,0,26,0,0,8,0,0,0,2,336
8,0,0,0,0,0,0,0,0,0,0,0,0,30,0,0,11,0,6,9,2,337
7,0,0,0,0,0,0,0,0,0,0,0,0,39,0,0,24,0,7,6,1,338
7,0,0,0,0,0,0,0,0,0,0,0,0,35,0,0,25,0,0,0,3,339
7,0,0,0,0,0,0,0,0,0,0,0,0,32,0,0,12,0,0,10,2,34
8,0,0,0,0,0,0,0,0,0,0,0,0,33,0,0,26,0,0,0,3,340
8,0,0,0,0,0,0,0,0,0,0,0,0,42,7,0,26,0,0,0,10,341
7,0,0,0,0,0,0,0,0,0,0,0,0,19,0,0,12,0,7,0,2,342
13,0,0,0,0,0,0,0,0,0,0,0,0,42,0,0,27,0,0,0,10,343
8,0,0,0,0,0,0,0,0,0,0,0,0,24,0,0,8,0,0,9,2,344
12,0,0,0,0,0,0,0,0,0,0,0,0,31,0,0,13,0,6,11,2,345
9,0,0,0,0,0,0,0,0,0,0,0,0,33,0,0,14,0,0,9,2,346
10,0,0,0,0,0,0,0,0,0,0,0,0,35,0,0,9,5,0,10,2,347
0,0,0,0,0,0,0,0,0,0,0,0,0,31,0,0,21,0,0,0,4,348
14,0,0,0,0,0,0,0,0,0,0,0,0,29,0,0,20,0,0,0,3,349
8,0,0,0,0,0,0,0,0,0,0,0,0,38,0,0,22,0,0,5,1,35
0,0,0,0,0,0,0,0,0,0,0,0,0,34,0,0,20,0,0,0,4,350
8,0,0,0,0,0,0,0,0,0,0,0,0,26,0,0,21,0,0,0,3,351
10,0,0,0,0,0,0,0,0,0,0,0,0,28,0,0,21,0,0,0,3,352
9,0,0,0,0,0,0,0,0,0,0,0,0,34,0,0,10,0,0,10,2,353
8,0,0,0,0,0,0,0,0,0,0,0,0,25,0,0,9,0,0,7,2,354
7,0,0,0,0,0,0,0,0,0,0,0,0,37,0,0,11,0,5,14,2,355
10,0,0,0,0,0,0,0,0,0,0,0,0,40,0,0,7,0,0,17,2,356
7,0,0,0,0,0,0,0,0,0,0,0,0,36,0,0,24,0,0,5,1,357
9,0,0,0,0,0,0,0,0,0,0,0,0,34,0,0,19,0,5,0,1,358
12,0,0,0,0,0,0,0,0,0,0,0,0,26,0,0,18,0,0,0,3,359
9,0,0,0,0,0,0,0,0,0,0,0,0,21,0,0,10,0,5,0,2,36
0,0,0,0,0,0,0,0,0,0,0,0,0,41,0,0,26,0,0,0,4,360
5,0,0,0,0,0,0,0,0,0,0,0,0,28,0,0,12,0,5,6,2,361
6,0,0,0,0,0,0,0,0,0,0,0,0,25,0,0,7,0,0,9,2,362
15,0,0,0,0,0,0,0,0,0,0,0,0,30,0,0,8,0,0,10,2,363
16,0,0,0,0,0,0,0,0,0,0,0,0,31,0,0,20,0,0,0,3,364
10,0,0,0,0,0,0,0,0,0,0,0,0,26,0,0,23,0,0,0,3,365
0,0,0,0,0,0,0,0,0,0,0,0,0,33,0,0,11,0,0,11,2,366
10,0,0,0,0,0,0,0,0,0,0,0,0,43,0,0,35,0,0,0,10,367
12,0,0,0,0,0,0,0,0,0,0,0,0,41,0,0,15,0,0,14,1,368
8,0,0,0,0,0,0,0,0,0,0,0,0,34,0,0,13,0,9,10,2,369
8,0,0,0,0,0,0,0,0,0,0,0,0,27,0,0,9,0,6,7,2,37
8,0,0,0,0,0,0,0,0,0,0,0,0,24,0,0,9,0,0,9,2,370
12,0,0,0,0,0,0,0,0,0,0,0,0,29,0,0,7,0,0,8,2,371
8,0,0,0,0,0,0,0,0,0,0,0,0,27,0,0,25,0,0,0,3,372
5,0,0,0,0,0,0,0,0,0,0,0,0,40,0,0,22,0,5,7,1,373
8,0,0,0,0,0,0,0,0,0,0,0,0,27,0,0,17,0,8,0,3,374
13,0,0,0,0,0,0,0,0,0,0,0,0,26,0,0,21,0,0,0,3,375
6,0,0,0,0,0,0,0,0,0,0,0,0,38,0,0,24,0,0,5,1,376
9,0,0,0,0,0,0,0,0,0,0,0,0,35,0,0,24,0,0,0,3,377
0,0,0,0,0,0,0,0,0,0,0,0,0,28,0,0,12,0,0,8,2,378
13,0,0,0,0,0,0,0,0,0,0,0,0,33,0,0,16,0,0,5,1,379
0,0,0,0,0,0,0,0,0,0,0,0,0,30,0,0,22,0,0,0,4,38
5,0,0,0,0,0,0,0,0,0,0,0,0,43,0,0,24,0,0,6,10,380
6,0,0,0,0,0,0,0,0,0,0,0,0,31,0,0,22,0,0,0,3,381
8,0,0,0,0,0,0,0,0,0,0,0,0,31,0,0,15,0,0,6,2,382
8,0,0,0,0,0,0,0,0,0,0,0,0,25,0,0,9,0,6,6,2,383
7,0,0,0,0,0,0,0,0,0,0,0,0,35,0,0,9,0,0,13,2,384
8,0,0,0,0,0,0,0,0,0,0,0,0,29,0,0,9,0,0,11,2,385
8,0,0,0,0,0,0,0,0,0,0,0,0,32,0,0,12,0,0,10,2,386
7,0,0,0,0,0,0,0,0,0,0,0,0,32,0,0,12,0,0,8,2,387
6,0,0,0,0,0,0,0,0,0,0,0,0,27,0,0,9,0,0,7,2,388
9,0,0,0,0,0,0,0,0,0,0,0,0,29,0,0,9,0,5,9,2,389
9,0,0,0,0,0,0,0,0,0,0,0,0,36,0,0,27,0,0,0,3,39
5,0,0,0,0,0,0,0,0,0,0,0,0,27,0,0,22,0,0,0,3,390
5,0,0,0,0,0,0,0,0,0,0,0,0,40,5,0,33,0,0,0,10,391
9,0,0,0,0,0,0,0,0,0,0,0,0,42,0,0,37,0,0,0,10,392
11,0,0,0,0,0,0,0,0,0,0,0,0,26,0,0,14,0,5,6,2,393
0,0,0,0,0,0,0,0,0,0,0,0,0,38,0,0,19,0,0,8,4,394
9,0,0,0,0,0,0,0,0,0,0,0,0,29,0,0,15,0,0,5,1,395
9,0,0,0,0,0,0,0,0,0,0,0,0,38,0,0,9,0,0,14,2,396
6,0,0,0,0,0,0,0,0,0,0,0,0,28,0,0,9,0,5,8,2,397
6,0,0,0,0,0,0,0,0,0,0,0,0,28,0,0,12,0,0,7,2,398
9,0,0,0,0,0,0,0,0,0,0,0,0,22,0,0,7,0,0,7,2,399
9,0,0,0,0,0,0,0,0,0,0,0,0,34,0,0,8,0,6,10,2,4
5,0,0,0,0,0,0,0,0,0,0,0,0,23,0,0,17,0,0,0,3,40
0,0,0,0,0,0,0,0,0,0,0,0,0,34,0,0,23,0,0,0,4,400
0,0,0,0,0,0,0,0,0,0,0,0,0,27,0,0,20,0,7,0,4,401
12,0,0,0,0,0,0,0,0,0,0,0,0,37,0,0,18,0,7,8,1,402
10,0,0,0,0,0,0,0,0,0,0,0,0,28,0,0,11,0,7,8,2,403
9,0,0,0,0,0,0,0,0,0,0,0,0,29,0,0,14,0,6,7,2,404
0,0,0,0,0,0,0,0,0,0,0,0,0,30,0,0,22,0,0,0,4,405
8,0,0,0,0,0,0,0,0,0,0,0,0,25,0,0,7,0,7,6,2,406
9,0,0,0,0,0,0,0,0,0,0,0,0,30,0,0,10,0,0,13,2,407
7,0,0,0,0,0,0,0,0,0,0,0,0,33,0,0,23,0,0,0,3,408
12,0,0,0,0,0,0,0,0,0,0,0,0,31,0,0,18,0,0,5,1,409
6,0,0,0,0,0,0,0,0,0,0,0,0,42,0,0,21,0,0,10,1,41
13,0,0,0,0,0,0,0,0,0,0,0,0,34,0,0,15,0,0,10,1,410
5,0,0,0,0,0,0,0,0,0,0,0,0,33,0,0,18,0,5,6,1,411
7,0,0,0,0,0,0,0,0,0,0,0,0,36,0,0,13,0,0,6,2,412
8,0,0,0,0,0,0,0,0,0,0,0,0,31,0,0,22,0,0,0,3,413
0,0,0,0,0,0,0,0,0,0,0,0,0,34,0,0,29,0,0,0,4,414
0,0,0,0,0,0,0,0,0,0,0,0,0,29,0,0,11,0,5,7,2,415
10,0,0,0,0,0,0,0,0,0,0,0,0,24,0,0,10,0,5,5,2,416
8,0,0,0,0,0,0,0,0,0,0,0,0,39,0,0,24,0,5,0,1,417
7,0,0,0,0,0,0,0,0,0,0,0,0,27,0,0,6,0,7,11,2,418
10,0,0,0,0,0,0,0,0,0,0,0,0,31,0,0,21,0,0,0,3,419
9,0,0,0,0,0,0,0,0,0,0,0,0,38,0,0,10,0,0,16,2,42
0,0,0,0,0,0,0,0,0,0,0,0,0,33,0,0,19,0,0,0,4,420
6,0,0,0,0,0,0,0,0,0,0,0,0,39,0,0,13,0,5,10,2,421
7,0,0,0,0,0,0,0,0,0,0,0,0,31,0,0,12,0,5,7,2,422
8,0,0,0,0,0,0,0,0,0,0,0,0,33,0,0,21,0,0,0,3,423
11,0,0,0,0,0,0,0,0,0,0,0,0,25,0,0,10,0,0,5,2,424
6,0,0,0,0,0,0,0,0,0,0,0,0,30,0,0,8,0,5,12,2,425
7,0,0,0,0,0,0,0,0,0,0,0,0,25,0,0,12,0,5,5,2,426
11,0,0,0,0,0,0,0,0,0,0,0,0,32,0,0,23,0,0,0,3,427
7,0,0,0,0,0,0,0,0,0,0,0,0,32,0,0,23,0,5,0,3,428
5,0,0,0,0,0,0,0,0,0,0,0,0,29,0,0,8,0,0,9,2,429
12,0,0,0,0,0,0,0,0,0,0,0,0,33,0,0,23,0,0,0,3,43
11,0,0,0,0,0,0,0,0,0,0,0,0,33,0,0,11,0,6,10,2,430
5,0,0,0,0,0,0,0,0,0,0,0,0,30,0,0,10,0,7,8,2,431
13,0,0,0,0,0,0,0,0,0,0,0,0,29,0,0,21,0,0,0,3,432
7,0,0,0,0,0,0,0,0,0,0,0,0,21,0,0,12,0,5,0,2,433
11,0,0,0,0,0,0,0,0,0,0,0,0,41,0,0,27,0,6,0,10,434
7,0,0,0,0,0,0,0,0,0,0,0,0,23,0,0,6,0,0,9,2,435
8,0,0,0,0,0,0,0,0,0,0,0,0,27,0,0,10,0,6,8,2,436
0,0,0,0,0,0,0,0,0,0,0,0,0,31,5,0,24,0,0,0,4,437
13,0,0,0,0,0,0,0,0,0,0,0,0,34,0,0,19,0,0,6,1,438
6,0,0,0,0,0,0,0,0,0,0,0,0,30,0,0,17,0,6,0,1,439
12,0,0,0,0,0,0,0,0,0,0,0,0,32,0,0,9,0,0,13,2,44
12,0,0,0,0,0,0,0,0,0,0,0,0,27,0,0,17,0,0,0,3,440
0,0,0,0,0,0,0,0,0,0,0,0,0,23,0,0,14,0,0,6,2,441
13,0,0,0,0,0,0,0,0,0,0,0,0,34,0,0,22,0,0,5,1,442
8,0,0,0,0,0,0,0,0,0,0,0,0,26,0,0,7,0,0,8,2,443
11,0,0,0,0,0,0,0,0,0,0,0,0,34,0,0,21,0,0,0,3,444
7,0,0,0,0,0,0,0,0,0,0,0,0,26,0,0,22,0,5,0,3,445
10,0,0,0,0,0,0,0,0,0,0,0,0,28,0,0,21,0,8,0,3,446
6,0,0,0,0,0,0,0,0,0,0,0,0,31,0,0,14,0,11,8,2,447
0,0,0,0,0,0,0,0,0,0,0,0,0,27,0,0,13,0,5,8,2,448
6,0,0,0,0,0,0,0,0,0,0,0,0,35,0,0,21,0,0,0,4,449
10,0,0,0,0,0,0,0,0,0,0,0,0,42,0,0,18,0,5,8,1,45
8,0,0,0,0,0,0,0,0,0,0,0,0,28,0,0,6,0,12,9,2,450
9,0,0,0,0,0,0,0,0,0,0,0,0,18,0,0,8,0,0,0,2,451
9,0,0,0,0,0,0,0,0,0,0,0,0,32,0,0,20,0,0,0,3,452
8,0,0,0,0,0,0,0,0,0,0,0,0,34,0,0,21,0,0,0,3,453
8,0,0,0,0,0,0,0,0,0,0,0,0,31,0,0,13,0,0,6,2,454
7,0,0,0,0,0,0,0,0,0,0,0,0,30,0,0,9,0,0,12,2,455
8,0,0,0,0,0,0,0,0,0,0,0,0,40,0,0,28,0,7,0,10,456
10,0,0,0,0,0,0,0,0,0,0,0,0,32,0,0,9,0,0,9,2,457
14,0,0,0,0,0,0,0,0,0,0,0,0,34,0,0,15,0,0,7,1,458
9,0,0,0,0,0,0,0,0,0,0,0,0,36,0,0,12,0,6,15,2,459
7,0,0,0,0,0,0,0,0,0,0,0,0,25,0,0,16,0,0,0,3,46
9,0,0,0,0,0,0,0,0,0,0,0,0,28,0,0,13,0,8,0,1,460
8,0,0,0,0,0,0,0,0,0,0,0,0,24,0,0,10,0,0,6,2,461
8,0,0,0,0,0,0,0,0,0,0,0,0,31,0,0,11,0,0,7,2,462
7,0,0,0,0,0,0,0,0,0,0,0,0,26,0,0,7,0,7,9,2,463
7,0,0,0,0,0,0,0,0,0,0,0,0,35,0,0,5,0,0,12,2,464
9,0,0,0,0,0,0,0,0,0,0,0,0,29,0,0,8,0,8,10,2,465
10,0,0,0,0,0,0,0,0,0,0,0,0,25,0,0,20,0,0,0,3,466
8,0,0,0,0,0,0,0,0,0,0,0,0,22,0,0,8,0,8,6,2,467
5,0,0,0,0,0,0,0,0,0,0,0,0,33,0,0,24,0,0,0,4,468
9,0,0,0,0,0,0,0,0,0,0,0,0,35,0,0,29,0,0,0,3,469
6,0,0,0,0,0,0,0,0,0,0,0,0,23,0,0,6,0,0,9,2,47
13,0,0,0,0,0,0,0,0,0,0,0,0,33,0,0,16,0,0,9,1,470
5,0,0,0,0,0,0,0,0,0,0,0,0,39,0,0,20,0,8,10,1,471
6,0,0,0,0,0,0,0,0,0,0,0,0,45,0,0,31,0,0,0,10,472
7,0,0,0,0,0,0,0,0,0,0,0,0,41,0,0,26,0,0,0,10,473
7,0,0,0,0,0,0,0,0,0,0,0,0,32,0,0,23,0,5,5,1,474
10,0,0,0,0,0,0,0,0,0,0,0,0,33,0,0,9,0,0,11,2,475
13,0,0,0,0,0,0,0,0,0,0,0,0,29,0,0,24,0,6,0,3,476
9,0,0,0,0,0,0,0,0,0,0,0,0,24,0,0,10,0,5,6,2,477
8,0,0,0,0,0,0,0,0,0,0,0,0,27,0,0,12,0,0,0,2,478
12,0,0,0,0,0,0,0,0,0,0,0,0,33,0,0,14,0,8,10,2,479
11,0,0,0,0,0,0,0,0,0,0,0,0,38,0,0,18,0,0,8,1,48
7,0,0,0,0,0,0,0,0,0,0,0,0,42,0,0,32,0,0,0,10,480
8,0,0,0,0,0,0,0,0,0,0,0,0,43,0,0,28,0,8,5,10,481
14,0,0,0,0,0,0,0,0,0,0,0,0,37,0,0,23,0,0,0,14,482
8,0,0,0,0,0,0,0,0,0,0,0,0,31,0,0,27,0,0,0,3,483
8,0,0,0,0,0,0,0,0,0,0,0,0,41,0,0,23,0,0,6,1,484
7,0,0,0,0,0,0,0,0,0,0,0,0,35,0,0,25,0,0,0,3,485
7,0,0,0,0,0,0,0,0,0,0,0,0,25,0,0,9,0,5,9,2,486
7,0,0,0,0,0,0,0,0,0,0,0,0,29,0,0,13,0,0,5,2,487
12,0,0,0,0,0,0,0,0,0,0,0,0,32,0,0,6,0,0,13,2,488
6,0,0,0,0,0,0,0,0,0,0,0,0,35,0,0,20,0,6,5,1,489
14,0,0,0,0,0,0,0,0,0,0,0,0,31,0,0,11,0,5,7,2,49
5,0,0,0,0,0,0,0,0,0,0,0,0,38,5,0,34,0,0,0,10,490
11,0,0,0,0,0,0,0,0,0,0,0,0,34,0,0,19,0,0,6,1,491
12,0,0,0,0,0,0,0,0,0,0,0,0,35,0,0,22,0,0,0,3,492
8,0,0,0,0,0,0,0,0,0,0,0,0,24,0,0,16,0,0,0,3,493
7,0,0,0,0,0,0,0,0,0,0,0,0,27,0,0,7,0,0,10,2,494
0,0,0,0,0,0,0,0,0,0,0,0,0,37,0,0,20,0,7,6,4,495
6,0,0,0,0,0,0,0,0,0,0,0,0,37,0,0,10,0,0,13,2,496
5,0,0,0,0,0,0,0,0,0,0,0,0,36,0,0,23,0,0,0,4,497
10,0,0,0,0,0,0,0,0,0,0,0,0,28,0,0,23,0,0,0,3,498
8,0,0,0,0,0,0,0,0,0,0,0,0,32,0,0,26,0,0,0,3,499
9,0,0,0,0,0,0,0,0,0,0,0,0,36,0,0,5,0,5,11,2,5
5,0,0,0,0,0,0,0,0,0,0,0,0,33,0,0,21,0,0,0,4,50
6,0,0,0,0,0,0,0,0,0,0,0,0,35,0,0,23,0,0,0,4,500
0,0,0,0,0,0,0,0,0,0,0,0,0,37,0,0,22,0,0,5,4,501
8,0,0,0,0,0,0,0,0,0,0,0,0,36,0,0,11,0,0,13,2,502
12,0,0,0,0,0,0,0,0,0,0,0,0,36,0,0,27,0,0,0,3,503
5,0,0,0,0,0,0,0,0,0,0,0,0,32,0,0,18,0,6,7,1,504
15,0,0,0,0,0,0,0,0,0,0,0,0,28,0,0,12,0,7,7,2,505
10,0,0,0,0,0,0,0,0,0,0,0,0,31,0,0,17,0,0,5,1,506
13,0,0,0,0,0,0,0,0,0,0,0,0,33,0,0,24,0,0,0,3,507
10,0,0,0,0,0,0,0,0,0,0,0,0,29,0,0,22,0,0,0,3,508
9,0,0,0,0,0,0,0,0,0,0,0,0,32,0,0,23,0,0,0,3,509
11,0,0,0,0,0,0,0,0,0,0,0,0,33,0,0,13,0,0,0,1,51
13,0,0,0,0,0,0,0,0,0,0,0,0,25,0,0,11,0,6,0,2,510
7,0,0,0,0,0,0,0,0,0,0,0,0,37,0,0,16,0,11,10,1,511
14,0,0,0,0,0,0,0,0,0,0,0,0,34,0,0,11,0,0,9,2,512
0,0,0,0,0,0,0,0,0,0,0,0,0,29,0,0,9,0,6,7,2,513
8,0,0,0,0,0,0,0,0,0,0,0,0,38,0,0,27,0,0,0,3,514
0,0,0,0,0,0,0,0,0,0,0,0,0,33,0,0,19,0,0,6,4,515
6,0,0,0,0,0,0,0,0,0,0,0,0,27,0,0,8,0,0,9,2,516
7,0,0,0,0,0,0,0,0,0,0,0,0,24,0,0,5,0,6,8,2,517
7,0,0,0,0,0,0,0,0,0,0,0,0,42,0,0,14,0,0,13,2,518
10,0,0,0,0,0,0,0,0,0,0,0,0,25,0,0,14,0,6,0,1,519
10,0,0,0,0,0,0,0,0,0,0,0,0,31,0,0,21,0,0,0,3,52
5,0,0,0,0,0,0,0,0,0,0,0,0,24,0,0,8,0,0,8,2,520
9,0,0,0,0,0,0,0,0,0,0,0,0,26,0,0,14,0,8,6,2,521
5,0,0,0,0,0,0,0,0,0,0,0,0,40,0,0,21,0,0,9,1,522
9,0,0,0,0,0,0,0,0,0,0,0,0,35,0,0,15,0,5,11,2,523
10,0,0,0,0,0,0,0,0,0,0,0,0,37,0,0,27,0,0,0,3,524
6,0,0,0,0,0,0,0,0,0,0,0,0,37,0,0,34,0,0,0,10,525
8,0,0,0,0,0,0,0,0,0,0,0,0,25,0,0,12,0,0,5,2,526
8,0,0,0,0,0,0,0,0,0,0,0,0,34,0,0,18,0,0,5,1,527
0,0,0,0,0,0,0,0,0,0,0,0,0,36,0,0,13,0,0,10,2,528
12,0,0,0,0,0,0,0,0,0,0,0,0,26,0,0,13,0,5,5,2,529
10,0,0,0,0,0,0,0,0,0,0,0,0,33,0,0,19,0,0,6,1,53
5,0,0,0,0,0,0,0,0,0,0,0,0,32,0,0,21,0,5,0,4,530
9,0,0,0,0,0,0,0,0,0,0,0,0,26,0,0,13,0,0,0,2,531
10,0,0,0,0,0,0,0,0,0,0,0,0,38,0,0,26,0,0,0,3,532
11,0,0,0,0,0,0,0,0,0,0,0,0,31,0,0,11,0,0,10,2,533
9,0,0,0,0,0,0,0,0,0,0,0,0,26,0,0,8,0,0,7,2,534
14,0,0,0,0,0,0,0,0,0,0,0,0,24,0,0,5,0,0,11,2,535
0,0,0,0,0,0,0,0,0,0,0,0,0,33,0,0,26,0,5,0,4,536
11,0,0,0,0,0,0,0,0,0,0,0,0,45,0,0,33,0,0,0,10,537
16,0,0,0,0,0,0,0,0,0,0,0,0,28,0,0,17,0,0,6,1,538
8,0,0,0,0,0,0,0,0,0,0,0,0,25,0,0,8,0,6,7,2,539
13,0,0,0,0,0,0,0,0,0,0,0,0,21,0,0,9,0,0,6,2,54
8,0,0,0,0,0,0,0,0,0,0,0,0,29,0,0,24,0,0,0,3,540
9,0,0,0,0,0,0,0,0,0,0,0,0,38,0,0,9,0,0,12,2,541
5,0,0,0,0,0,0,0,0,0,0,0,0,41,0,0,27,0,0,5,10,542
8,0,0,0,0,0,0,0,0,0,0,0,0,36,0,0,18,0,0,6,1,543
0,0,0,0,0,0,0,0,0,0,0,0,0,31,0,0,16,0,13,6,4,544
10,0,0,0,0,0,0,0,0,0,0,0,0,32,0,0,21,0,0,0,3,545
11,0,0,0,0,0,0,0,0,0,0,0,0,36,0,0,22,0,0,5,1,546
11,0,0,0,0,0,0,0,0,0,0,0,0,32,0,0,17,0,7,5,1,547
13,0,0,0,0,0,0,0,0,0,0,0,0,38,0,0,8,0,0,17,2,548
10,0,0,0,0,0,0,0,0,0,0,0,0,25,0,0,18,0,0,0,3,549
9,0,0,0,0,0,0,0,0,0,0,0,0,27,0,0,8,0,0,10,2,55
0,0,0,0,0,0,0,0,0,0,0,0,0,29,0,0,21,0,0,0,4,550
10,0,0,0,0,0,0,0,0,0,0,0,0,34,0,0,22,0,0,0,3,551
5,0,0,0,0,0,0,0,0,0,0,0,0,25,0,0,8,0,0,8,2,552
9,0,0,0,0,0,0,0,0,0,0,0,0,31,0,0,27,0,0,0,3,553
8,0,0,0,0,0,0,0,0,0,0,0,0,35,0,0,23,0,0,0,3,554
7,0,0,0,0,0,0,0,0,0,0,0,0,43,0,0,31,0,0,0,10,555
0,0,0,0,0,0,0,0,0,0,0,0,0,31,0,0,10,0,6,12,2,556
6,0,0,0,0,0,0,0,0,0,0,0,0,16,0,0,10,0,0,0,2,557
12,0,0,0,0,0,0,0,0,0,0,0,0,31,0,0,10,0,7,12,2,558
10,0,0,0,0,0,0,0,0,0,0,0,0,30,0,0,6,0,5,11,2,559
5,0,0,0,0,0,0,0,0,0,0,0,0,31,0,0,21,0,0,0,4,56
0,0,0,0,0,0,0,0,0,0,0,0,0,36,0,0,15,0,7,13,2,560
10,0,0,0,0,0,0,0,0,0,0,0,0,33,0,0,24,0,0,0,3,561
6,0,0,0,0,0,0,0,0,0,0,0,0,39,0,0,32,0,5,0,10,562
7,0,0,0,0,0,0,0,0,0,0,0,0,33,0,0,17,0,0,0,1,563
8,0,0,0,0,0,0,0,0,0,0,0,0,39,0,0,26,0,0,0,10,564
9,0,0,0,0,0,0,0,0,0,0,0,0,37,0,0,12,0,9,7,2,565
6,0,0,0,0,0,0,0,0,0,0,0,0,36,0,0,10,0,6,9,2,566
9,0,0,0,0,0,0,0,0,0,0,0,0,31,0,0,13,0,0,5,2,567
9,0,0,0,0,0,0,0,0,0,0,0,0,27,0,0,11,0,5,5,2,568
10,0,0,0,0,0,0,0,0,0,0,0,0,25,0,0,17,0,0,0,3,569
10,0,0,0,0,0,0,0,0,0,0,0,0,30,0,0,12,0,6,9,2,57
6,0,0,0,0,0,0,0,0,0,0,0,0,35,0,0,21,0,6,5,1,570
0,0,0,0,0,0,0,0,0,0,0,0,0,35,0,0,22,0,0,0,4,571
10,0,0,0,0,0,0,0,0,0,0,0,0,26,0,0,21,0,0,0,3,572
5,0,0,0,0,0,0,0,0,0,0,0,0,34,0,0,24,0,0,0,4,573
11,0,0,0,0,0,0,0,0,0,0,0,0,27,0,0,11,0,8,10,2,574
8,0,0,0,0,0,0,0,0,0,0,0,0,41,0,0,28,0,0,0,10,575
5,0,0,0,0,0,0,0,0,0,0,0,0,37,0,0,18,0,0,13,2,576
10,0,0,0,0,0,0,0,0,0,0,0,0,31,0,0,9,0,0,14,2,577
12,0,0,0,0,0,0,0,0,0,0,0,0,24,0,0,17,0,0,0,3,578
8,0,0,0,0,0,0,0,0,0,0,0,0,35,0,0,29,0,0,0,3,579
12,0,0,0,0,0,0,0,0,0,0,0,0,32,0,0,5,0,0,11,2,58
10,0,0,0,0,0,0,0,0,0,0,0,0,31,0,0,19,0,0,6,1,580
6,0,0,0,0,0,0,0,0,0,0,0,0,38,0,0,28,0,0,0,10,581
11,0,0,0,0,0,0,0,0,0,0,0,0,31,0,0,18,0,0,7,1,582
12,0,0,0,0,0,0,0,0,0,0,0,0,42,0,0,16,0,0,9,1,583
7,0,0,0,0,0,0,0,0,0,0,0,0,37,0,0,22,0,0,8,1,584
7,0,0,0,0,0,0,0,0,0,0,0,0,31,0,0,26,0,0,0,3,585
5,0,0,0,0,0,0,0,0,0,0,0,0,32,0,0,25,0,0,0,4,586
8,0,0,0,0,0,0,0,0,0,0,0,0,38,0,0,9,0,6,12,2,587
9,0,0,0,0,0,0,0,0,0,0,0,0,46,6,0,19,0,0,11,1,588
0,0,0,0,0,0,0,0,0,0,0,0,0,29,0,0,25,0,0,0,4,589
11,0,0,0,0,0,0,0,0,0,0,0,0,36,0,0,11,0,0,11,2,59
8,0,0,0,0,0,0,0,0,0,0,0,0,39,0,0,25,0,0,5,1,590
9,0,0,0,0,0,0,0,0,0,0,0,0,31,0,0,19,0,0,0,3,591
6,0,0,0,0,0,0,0,0,0,0,0,0,24,0,0,16,0,0,0,3,592
7,0,0,0,0,0,0,0,0,0,0,0,0,39,0,0,33,0,0,0,10,593
6,0,0,0,0,0,0,0,0,0,0,0,0,34,0,0,22,0,0,0,4,594
10,0,0,0,0,0,0,0,0,0,0,0,0,25,0,0,7,0,0,8,2,595
8,0,0,0,0,0,0,0,0,0,0,0,0,34,0,0,23,0,0,0,3,596
12,0,0,0,0,0,0,0,0,0,0,0,0,45,0,0,20,0,5,13,1,597
6,0,0,0,0,0,0,0,0,0,0,0,0,28,0,0,14,0,5,7,2,598
6,0,0,0,0,0,0,0,0,0,0,0,0,39,0,0,26,0,0,5,1,599
5,0,0,0,0,0,0,0,0,0,0,0,0,32,0,0,13,0,6,5,2,6
6,0,0,0,0,0,0,0,0,0,0,0,0,32,0,0,20,0,0,5,1,60
12,0,0,0,0,0,0,0,0,0,0,0,0,39,0,0,24,0,0,0,1,600
13,0,0,0,0,0,0,0,0,0,0,0,0,28,0,0,12,0,0,5,2,601
11,0,0,0,0,0,0,0,0,0,0,0,0,45,0,0,28,0,0,0,10,602
0,0,0,0,0,0,0,0,0,0,0,0,0,28,0,0,12,0,0,6,2,603
7,0,0,0,0,0,0,0,0,0,0,0,0,34,0,0,25,0,0,5,1,604
8,0,0,0,0,0,0,0,0,0,0,0,0,34,0,0,22,0,0,0,3,605
8,0,0,0,0,0,0,0,0,0,0,0,0,34,0,0,13,0,0,8,2,606
6,0,0,0,0,0,0,0,0,0,0,0,0,35,0,0,24,0,0,0,4,607
6,0,0,0,0,0,0,0,0,0,0,0,0,38,0,0,27,0,0,5,1,608
8,0,0,0,0,0,0,0,0,0,0,0,0,37,0,0,15,0,5,9,1,609
11,0,0,0,0,0,0,0,0,0,0,0,0,25,0,0,6,0,0,11,2,61
0,0,0,0,0,0,0,0,0,0,0,0,0,28,0,0,15,0,0,0,4,610
7,0,0,0,0,0,0,0,0,0,0,0,0,32,0,0,15,0,0,12,2,611
9,0,0,0,0,0,0,0,0,0,0,0,0,29,0,0,10,0,0,10,2,612
7,0,0,0,0,0,0,0,0,0,0,0,0,32,0,0,11,0,0,11,2,613
12,0,0,0,0,0,0,0,0,0,0,0,0,35,0,0,10,0,5,10,2,614
7,0,0,0,0,0,0,0,0,0,0,0,0,40,0,0,22,0,0,0,1,615
10,0,0,0,0,0,0,0,0,0,0,0,0,36,0,0,15,0,0,10,1,616
7,0,0,0,0,0,0,0,0,0,0,0,0,32,0,0,26,0,0,0,3,617
7,0,0,0,0,0,0,0,0,0,0,0,0,32,0,0,14,0,0,8,2,618
10,0,0,0,0,0,0,0,0,0,0,0,0,25,0,0,6,0,0,6,2,619
8,0,0,0,0,0,0,0,0,0,0,0,0,19,0,0,7,0,0,5,2,62
8,0,0,0,0,0,0,0,0,0,0,0,0,37,0,0,20,0,0,5,1,620
14,0,0,0,0,0,0,0,0,0,0,0,0,42,0,0,22,0,0,10,1,621
9,0,0,0,0,0,0,0,0,0,0,0,0,28,0,0,14,0,0,0,1,622
0,0,0,0,0,0,0,0,0,0,0,0,0,38,0,0,15,0,7,10,2,623
0,0,0,0,0,0,0,0,0,0,0,0,0,40,0,0,33,0,0,0,10,624
7,0,0,0,0,0,0,0,0,0,0,0,0,26,0,0,11,0,0,0,2,625
0,0,0,0,0,0,0,0,0,0,0,0,0,28,0,0,7,0,7,9,2,626
12,0,0,0,0,0,0,0,0,0,0,0,0,28,0,0,26,0,0,0,3,627
6,0,0,0,0,0,0,0,0,0,0,0,0,42,0,0,35,0,0,0,10,628
8,0,0,0,0,0,0,0,0,0,0,0,0,40,0,0,30,0,0,0,10,629
12,0,0,0,0,0,0,0,0,0,0,0,0,31,0,0,14,0,0,6,1,63
0,0,0,0,0,0,0,0,0,0,0,0,0,32,0,0,11,0,0,10,2,630
8,0,0,0,0,0,0,0,0,0,0,0,0,29,0,0,15,0,8,0,1,631
8,0,0,0,0,0,0,0,0,0,0,0,0,30,0,0,8,0,0,11,2,632
7,0,0,0,0,0,0,0,0,0,0,0,0,33,0,0,24,0,0,5,1,633
7,0,0,0,0,0,0,0,0,0,0,0,0,27,0,0,20,0,0,0,3,634
6,0,0,0,0,0,0,0,0,0,0,0,0,35,0,0,8,0,0,14,2,635
5,0,0,0,0,0,0,0,0,0,0,0,0,36,0,0,7,0,0,15,2,636
9,0,0,0,0,0,0,0,0,0,0,0,0,32,0,0,26,0,8,0,3,637
9,0,0,0,0,0,0,0,0,0,0,0,0,33,0,0,9,0,0,7,2,638
5,0,0,0,0,0,0,0,0,0,0,0,0,28,0,0,10,0,0,7,2,639
9,0,0,0,0,0,0,0,0,0,0,0,0,30,0,0,11,0,5,8,2,64
6,0,0,0,0,0,0,0,0,0,0,0,0,18,0,0,8,0,5,7,2,640
5,0,0,0,0,0,0,0,0,0,0,0,0,36,0,0,23,0,0,0,4,641
11,0,0,0,0,0,0,0,0,0,0,0,0,37,0,0,29,0,0,0,3,642
7,0,0,0,0,0,0,0,0,0,0,0,0,31,0,0,16,0,9,7,2,643
9,0,0,0,0,0,0,0,0,0,0,0,0,44,0,0,46,0,0,0,10,644
8,0,0,0,0,0,0,0,0,0,0,0,0,29,0,0,9,0,0,7,2,645
7,0,0,0,0,0,0,0,0,0,0,0,0,26,0,0,6,0,0,6,2,646
12,0,0,0,0,0,0,0,0,0,0,0,0,25,0,0,12,0,0,0,2,647
6,0,0,0,0,0,0,0,0,0,0,0,0,31,0,0,22,0,0,0,3,648
13,0,0,0,0,0,0,0,0,0,0,0,0,45,0,0,30,0,0,7,10,649
10,0,0,0,0,0,0,0,0,0,0,0,0,24,0,0,8,0,0,7,2,65
0,0,0,0,0,0,0,0,0,0,0,0,0,32,0,0,29,0,0,0,4,650
7,0,0,0,0,0,0,0,0,0,0,0,0,20,0,0,6,0,0,5,2,651
10,0,0,0,0,0,0,0,0,0,0,0,0,26,0,0,19,0,0,0,3,652
10,0,0,0,0,0,0,0,0,0,0,0,0,35,5,0,21,0,7,0,1,653
7,0,0,0,0,0,0,0,0,0,0,0,0,35,0,0,14,0,9,5,1,654
7,0,0,0,0,0,0,0,0,0,0,0,0,22,0,0,7,0,0,7,2,655
14,0,0,0,0,0,0,0,0,0,0,0,0,28,0,0,22,0,0,0,3,656
7,0,0,0,0,0,0,0,0,0,0,0,0,31,0,0,18,0,5,0,1,657
8,0,0,0,0,0,0,0,0,0,0,0,0,27,0,0,14,0,0,0,1,658
9,0,0,0,0,0,0,0,0,0,0,0,0,29,0,0,23,0,0,0,3,659
7,0,0,0,0,0,0,0,0,0,0,0,0,27,0,0,12,0,11,6,2,66
8,0,0,0,0,0,0,0,0,0,0,0,0,29,0,0,27,0,0,0,3,660
0,0,0,0,0,0,0,0,0,0,0,0,0,26,0,0,20,0,0,0,4,661
11,0,0,0,0,0,0,0,0,0,0,0,0,24,0,0,6,0,6,9,2,662
8,0,0,0,0,0,0,0,0,0,0,0,0,28,0,0,7,0,0,11,2,663
5,0,0,0,0,0,0,0,0,0,0,0,0,32,0,0,24,0,0,0,4,664
8,0,0,0,0,0,0,0,0,0,0,0,0,40,0,0,24,0,0,5,1,665
7,0,0,0,0,0,0,0,0,0,0,0,0,29,0,0,27,0,0,0,3,666
8,0,0,0,0,0,0,0,0,0,0,0,0,41,0,0,16,0,7,13,1,667
6,0,0,0,0,0,0,0,0,0,0,0,0,42,0,0,11,0,0,15,2,668
12,0,0,0,0,0,0,0,0,0,0,0,0,35,0,0,27,0,0,0,3,669
15,0,0,0,0,0,0,0,0,0,0,0,0,22,0,0,7,0,7,6,2,67
9,0,0,0,0,0,0,0,0,0,0,0,0,21,0,0,11,0,6,6,2,670
15,0,0,0,0,0,0,0,0,0,0,0,0,34,0,0,19,0,0,5,1,671
6,0,0,0,0,0,0,0,0,0,0,0,0,33,0,0,30,0,0,0,3,672
9,0,0,0,0,0,0,0,0,0,0,0,0,36,0,0,13,0,6,12,2,673
6,0,0,0,0,0,0,0,0,0,0,0,0,24,0,0,13,0,6,0,2,674
9,0,0,0,0,0,0,0,0,0,0,0,0,26,0,0,8,0,7,7,2,675
8,0,0,0,0,0,0,0,0,0,0,0,0,27,0,0,13,0,5,5,2,676
0,0,0,0,0,0,0,0,0,0,0,0,0,31,0,0,24,0,0,0,4,677
6,0,0,0,0,0,0,0,0,0,0,0,0,36,0,0,16,0,6,7,1,678
8,0,0,0,0,0,0,0,0,0,0,0,0,20,0,0,7,0,5,5,2,679
8,0,0,0,0,0,0,0,0,0,0,0,0,33,0,0,14,0,0,5,2,68
7,0,0,0,0,0,0,0,0,0,0,0,0,32,0,0,21,0,0,0,3,680
7,0,0,0,0,0,0,0,0,0,0,0,0,20,0,0,6,0,6,5,2,681
9,0,0,0,0,0,0,0,0,0,0,0,0,32,0,0,24,0,0,0,3,682
6,0,0,0,0,0,0,0,0,0,0,0,0,40,0,0,22,0,7,6,1,683
7,0,0,0,0,0,0,0,0,0,0,0,0,20,0,0,10,0,5,5,2,684
5,0,0,0,0,0,0,0,0,0,0,0,0,38,0,0,13,0,7,10,2,685
9,0,0,0,0,0,0,0,0,0,0,0,0,18,0,0,7,0,5,5,2,686
0,0,0,0,0,0,0,0,0,0,0,0,0,28,0,0,22,0,0,0,4,687
13,0,0,0,0,0,0,0,0,0,0,0,0,30,0,0,12,0,0,9,2,688
9,0,0,0,0,0,0,0,0,0,0,0,0,20,0,0,16,0,0,0,3,689
0,0,0,0,0,0,0,0,0,0,0,0,0,25,0,0,15,0,5,0,4,69
6,0,0,0,0,0,0,0,0,0,0,0,0,33,0,0,18,0,0,0,1,690
0,0,0,0,0,0,0,0,0,0,0,0,0,31,0,0,17,0,5,0,4,691
10,0,0,0,0,0,0,0,0,0,0,0,0,23,0,0,12,0,0,0,2,692
6,0,0,0,0,0,0,0,0,0,0,0,0,26,6,5,23,0,0,0,3,693
10,0,0,0,0,0,0,0,0,0,0,0,0,29,0,0,21,0,0,0,3,694
0,0,0,0,0,0,0,0,0,0,0,0,0,32,0,0,10,0,0,11,2,695
5,0,0,0,0,0,0,0,0,0,0,0,0,22,0,0,7,0,5,0,2,696
0,0,0,0,0,0,0,0,0,0,0,0,0,31,0,0,15,0,0,6,2,697
8,0,0,0,0,0,0,0,0,0,0,0,0,31,0,0,11,0,5,9,2,698
8,0,0,0,0,0,0,0,0,0,0,0,0,31,0,0,14,0,0,5,2,699
12,0,0,0,0,0,0,0,0,0,0,0,0,44,0,0,22,0,0,9,1,7
7,0,0,0,0,0,0,0,0,0,0,0,0,26,0,0,18,0,0,0,3,70
8,0,0,0,0,0,0,0,0,0,0,0,0,29,0,0,9,0,6,10,2,700
8,0,0,0,0,0,0,0,0,0,0,0,0,34,0,0,13,0,5,9,2,701
9,0,0,0,0,0,0,0,0,0,0,0,0,26,0,0,12,0,8,5,2,702
5,0,0,0,0,0,0,0,0,0,0,0,0,32,0,0,23,0,0,0,4,703
7,0,0,0,0,0,0,0,0,0,0,0,0,29,0,0,12,0,0,9,2,704
11,0,0,0,0,0,0,0,0,0,0,0,0,35,0,0,13,0,0,10,2,705
11,0,0,0,0,0,0,0,0,0,0,0,0,36,0,0,26,0,0,0,3,706
10,0,0,0,0,0,0,0,0,0,0,0,0,33,0,0,25,0,0,0,3,707
6,0,0,0,0,0,0,0,0,0,0,0,0,33,0,0,8,0,0,14,2,708
10,0,0,0,0,0,0,0,0,0,0,0,0,27,0,0,21,0,0,0,3,709
6,0,0,0,0,0,0,0,0,0,0,0,0,31,0,0,18,0,0,0,1,71
8,0,0,0,0,0,0,0,0,0,0,0,0,29,0,0,13,0,5,10,2,710
6,0,0,0,0,0,0,0,0,0,0,0,0,23,0,0,14,0,0,0,2,711
11,0,0,0,0,0,0,0,0,0,0,0,0,25,0,0,20,0,8,0,3,712
0,0,0,0,0,0,0,0,0,0,0,0,0,27,0,0,11,0,0,7,2,713
8,0,0,0,0,0,0,0,0,0,0,0,0,24,0,0,14,0,6,0,1,714
6,0,0,0,0,0,0,0,0,0,0,0,0,37,0,0,23,0,0,0,4,715
13,0,0,0,0,0,0,0,0,0,0,0,0,29,0,0,18,0,0,0,3,716
6,0,0,0,0,0,0,0,0,0,0,0,0,33,0,0,21,0,0,0,4,717
5,0,0,0,0,0,0,0,0,0,0,0,0,25,0,0,12,0,7,7,2,718
8,0,0,0,0,0,0,0,0,0,0,0,0,35,0,0,9,0,0,12,2,719
7,0,0,0,0,0,0,0,0,0,0,0,0,34,0,0,13,0,7,10,2,72
5,0,0,0,0,0,0,0,0,0,0,0,0,38,0,0,23,0,0,6,1,720
6,0,0,0,0,0,0,0,0,0,0,0,0,24,0,0,6,0,7,8,2,721
6,0,0,0,0,0,0,0,0,0,0,0,0,24,0,0,15,0,0,0,3,722
8,0,0,0,0,0,0,0,0,0,0,0,0,35,0,0,18,0,0,9,1,723
15,0,0,0,0,0,0,0,0,0,0,0,0,35,6,0,27,0,0,0,3,724
19,0,0,0,0,0,0,0,0,0,0,0,0,34,0,0,17,0,0,7,1,725
13,0,0,0,0,0,0,0,0,0,0,0,0,39,0,0,18,0,6,10,1,726
8,0,0,0,0,0,0,0,0,0,0,0,0,35,0,0,30,0,0,0,3,727
9,0,0,0,0,0,0,0,0,0,0,0,0,33,0,0,22,0,0,5,1,728
6,0,0,0,0,0,0,0,0,0,0,0,0,35,0,0,25,0,5,0,4,729
0,0,0,0,0,0,0,0,0,0,0,0,0,39,0,0,12,0,5,12,2,73
10,0,0,0,0,0,0,0,0,0,0,0,0,20,0,0,8,0,5,0,2,730
10,0,0,0,0,0,0,0,0,0,0,0,0,38,0,0,22,0,0,7,1,731
15,0,0,0,0,0,0,0,0,0,0,0,0,24,0,0,8,0,5,7,2,732
0,0,0,0,0,0,0,0,0,0,0,0,0,35,0,0,21,0,0,5,4,733
7,0,0,0,0,0,0,0,0,0,0,0,0,32,0,0,17,0,5,7,1,734
7,0,0,0,0,0,0,0,0,0,0,0,0,28,0,0,9,0,0,5,2,735
7,0,0,0,0,0,0,0,0,0,0,0,0,32,0,0,10,0,0,10,2,736
6,0,0,0,0,0,0,0,0,0,0,0,0,29,0,0,23,0,0,0,3,737
0,0,0,0,0,0,0,0,0,0,0,0,0,35,0,0,23,0,0,5,4,738
12,0,0,0,0,0,0,0,0,0,0,0,0,33,0,0,11,0,6,10,2,739
10,0,0,0,0,0,0,0,0,0,0,0,0,16,0,0,9,0,5,0,2,74
7,0,0,0,0,0,0,0,0,0,0,0,0,30,0,0,15,0,5,0,1,740
10,0,0,0,0,0,0,0,0,0,0,0,0,32,0,0,27,0,0,0,3,741
10,0,0,0,0,0,0,0,0,0,0,0,0,22,0,0,13,0,0,5,2,742
8,0,0,0,0,0,0,0,0,0,0,0,0,31,0,0,24,0,0,0,3,743
6,0,0,0,0,0,0,0,0,0,0,0,0,38,0,0,22,0,0,6,1,744
8,0,0,0,0,0,0,0,0,0,0,0,0,29,0,0,21,0,0,0,3,745
7,0,0,0,0,0,0,0,0,0,0,0,0,33,0,0,11,0,9,8,2,746
0,0,0,0,0,0,0,0,0,0,0,0,0,28,0,0,12,0,0,7,2,747
9,0,0,0,0,0,0,0,0,0,0,0,0,28,0,0,18,0,0,0,3,748
12,0,0,0,0,0,0,0,0,0,0,0,0,32,0,0,25,0,0,0,3,749
10,0,0,0,0,0,0,0,0,0,0,0,0,40,0,0,22,0,0,5,1,75
6,0,0,0,0,0,0,0,0,0,0,0,0,37,0,0,12,0,0,13,2,750
11,0,0,0,0,0,0,0,0,0,0,0,0,30,0,0,12,0,5,8,2,751
7,0,0,0,0,0,0,0,0,0,0,0,0,36,0,0,27,0,0,0,3,752
6,0,0,0,0,0,0,0,0,0,0,0,0,26,0,0,10,0,0,7,2,753
7,0,0,0,0,0,0,0,0,0,0,0,0,25,0,0,11,0,7,0,2,754
5,0,0,0,0,0,0,0,0,0,0,0,0,36,0,0,21,0,0,5,1,755
0,0,0,0,0,0,0,0,0,0,0,0,0,43,0,0,31,0,0,0,10,756
12,0,0,0,0,0,0,0,0,0,0,0,0,36,0,0,8,0,6,11,2,757
8,0,0,0,0,0,0,0,0,0,0,0,0,28,0,0,18,0,0,0,3,758
11,0,0,0,0,0,0,0,0,0,0,0,0,40,0,0,19,0,6,7,1,759
7,0,0,0,0,0,0,0,0,0,0,0,0,35,0,0,28,0,0,0,3,76
12,0,0,0,0,0,0,0,0,0,0,0,0,36,0,0,28,0,0,0,3,760
11,0,0,0,0,0,0,0,0,0,0,0,0,23,0,0,7,0,7,5,2,761
13,0,0,0,0,0,0,0,0,0,0,0,0,42,0,0,19,0,0,9,1,762
12,0,0,0,0,0,0,0,0,0,0,0,0,37,0,0,17,0,0,9,1,763
11,0,0,0,0,0,0,0,0,0,0,0,0,21,0,0,8,0,6,0,2,764
5,0,0,0,0,0,0,0,0,0,0,0,0,24,0,0,15,0,0,5,2,765
11,0,0,0,0,0,0,0,0,0,0,0,0,27,0,0,13,0,5,5,2,766
8,0,0,0,0,0,0,0,0,0,0,0,0,38,0,0,24,0,8,5,1,767
8,0,0,0,0,0,0,0,0,0,0,0,0,35,0,0,23,0,0,0,3,768
9,0,0,0,0,0,0,0,0,0,0,0,0,32,0,0,23,0,0,0,3,769
9,0,0,0,0,0,0,0,0,0,0,0,0,31,0,0,9,0,6,9,2,77
6,0,0,0,0,0,0,0,0,0,0,0,0,34,0,0,22,0,0,0,4,770
7,0,0,0,0,0,0,0,0,0,0,0,0,36,5,0,26,0,0,0,3,771
15,0,0,0,0,0,0,0,0,0,0,0,0,39,0,0,27,0,5,0,3,772
11,0,0,0,0,0,0,0,0,0,0,0,0,28,0,0,7,0,0,13,2,773
6,0,0,0,0,0,0,0,0,0,0,0,0,28,0,0,12,0,0,6,2,774
6,0,0,0,0,0,0,0,0,0,0,0,0,34,0,0,27,0,0,0,3,775
9,0,0,0,0,0,0,0,0,0,0,0,0,37,0,0,13,0,0,13,2,776
0,0,0,0,0,0,0,0,0,0,0,0,0,35,0,0,24,0,0,0,4,777
0,0,0,0,0,0,0,0,0,0,0,0,0,32,0,0,8,0,8,11,2,778
6,0,0,0,0,0,0,0,0,0,0,0,0,25,0,0,11,0,0,6,2,779
5,0,0,0,0,0,0,0,0,0,0,0,0,31,0,0,21,0,0,0,4,78
6,0,0,0,0,0,0,0,0,0,0,0,0,24,0,0,23,0,0,0,3,780
7,0,0,0,0,0,0,0,0,0,0,0,0,38,0,0,18,0,5,6,1,781
12,0,0,0,0,0,0,0,0,0,0,0,0,28,0,0,15,0,5,6,1,782
5,0,0,0,0,0,0,0,0,0,0,0,0,30,0,0,11,0,0,8,2,783
8,0,0,0,0,0,0,0,0,0,0,0,0,24,0,0,8,0,0,10,2,784
7,0,0,0,0,0,0,0,0,0,0,0,0,42,0,0,32,0,0,0,10,785
9,0,0,0,0,0,0,0,0,0,0,0,0,35,0,0,21,0,0,6,1,786
5,0,0,0,0,0,0,0,0,0,0,0,0,34,0,0,14,0,7,6,2,787
5,0,0,0,0,0,0,0,0,0,0,0,0,37,0,0,24,0,5,5,4,788
9,0,0,0,0,0,0,0,0,0,0,0,0,28,0,0,13,0,6,8,2,789
12,0,0,0,0,0,0,0,0,0,0,0,0,24,0,0,9,0,5,5,2,79
13,0,0,0,0,0,0,0,0,0,0,0,0,27,0,0,19,0,0,0,3,790
9,0,0,0,0,0,0,0,0,0,0,0,0,32,0,0,13,0,0,9,2,791
13,0,0,0,0,0,0,0,0,0,0,0,0,34,0,0,33,0,0,0,3,792
6,0,0,0,0,0,0,0,0,0,0,0,0,25,0,0,7,0,0,9,2,793
11,0,0,0,0,0,0,0,0,0,0,0,0,32,0,0,9,0,5,10,2,794
10,0,0,0,0,0,0,0,0,0,0,0,0,26,0,0,16,0,6,0,3,795
9,0,0,0,0,0,0,0,0,0,0,0,0,36,0,0,14,0,0,11,2,796
7,0,0,0,0,0,0,0,0,0,0,0,0,33,0,0,8,0,0,13,2,797
10,0,0,0,0,0,0,0,0,0,0,0,0,18,0,0,9,0,0,5,2,798
9,0,0,0,0,0,0,0,0,0,0,0,0,30,0,0,21,0,5,0,3,799
8,0,0,0,0,0,0,0,0,0,0,0,0,27,0,0,22,0,6,0,3,8
6,0,0,0,0,0,0,0,0,0,0,0,0,32,0,0,21,0,0,7,1,80
10,0,0,0,0,0,0,0,0,0,0,0,0,27,6,0,22,0,0,0,3,800
13,0,0,0,0,0,0,0,0,0,0,0,0,27,0,0,16,0,0,0,3,801
8,0,0,0,0,0,0,0,0,0,0,0,0,30,0,0,6,0,6,12,2,802
11,0,0,0,0,0,0,0,0,0,0,0,0,36,0,0,22,0,5,0,1,803
5,0,0,0,0,0,0,0,0,0,0,0,0,23,0,0,19,0,0,0,3,804
10,0,0,0,0,0,0,0,0,0,0,0,0,28,0,0,12,0,0,8,2,805
6,0,0,0,0,0,0,0,0,0,0,0,0,27,0,0,13,0,5,5,2,806
6,0,0,0,0,0,0,0,0,0,0,0,0,32,0,0,23,0,0,0,3,807
10,0,0,0,0,0,0,0,0,0,0,0,0,29,0,0,7,0,5,9,2,808
9,0,0,0,0,0,0,0,0,0,0,0,0,31,0,0,21,0,5,0,3,809
5,0,0,0,0,0,0,0,0,0,0,0,0,22,0,0,13,0,7,0,2,81
0,0,0,0,0,0,0,0,0,0,0,0,0,30,0,0,19,0,0,0,4,810
7,0,0,0,0,0,0,0,0,0,0,0,0,24,0,0,9,0,8,6,2,811
7,0,0,0,0,0,0,0,0,0,0,0,0,40,0,0,19,0,6,12,1,812
0,0,0,0,0,0,0,0,0,0,0,0,0,27,0,0,14,0,0,6,2,813
7,0,0,0,0,0,0,0,0,0,0,0,0,18,0,0,12,0,0,0,2,814
5,0,0,0,0,0,0,0,0,0,0,0,0,28,0,0,10,0,9,7,2,815
7,0,0,0,0,0,0,0,0,0,0,0,0,27,0,0,11,0,0,8,2,816
8,0,0,0,0,0,0,0,0,0,0,0,0,22,0,0,9,0,0,7,2,817
7,0,0,0,0,0,0,0,0,0,0,0,0,31,0,0,7,0,8,12,2,818
10,0,0,0,0,0,0,0,0,0,0,0,0,31,0,0,9,0,0,7,2,819
9,0,0,0,0,0,0,0,0,0,0,0,0,29,5,0,25,0,0,0,3,82
5,0,0,0,0,0,0,0,0,0,0,0,0,32,0,0,19,0,5,7,1,820
6,0,0,0,0,0,0,0,0,0,0,0,0,22,0,0,13,0,0,0,2,821
8,0,0,0,0,0,0,0,0,0,0,0,0,39,0,0,19,0,0,6,1,822
10,0,0,0,0,0,0,0,0,0,0,0,0,29,0,0,9,0,0,10,2,823
12,0,0,0,0,0,0,0,0,0,0,0,0,42,0,0,31,0,0,0,10,824
10,0,0,0,0,0,0,0,0,0,0,0,0,32,0,0,26,0,0,0,3,825
6,0,0,0,0,0,0,0,0,0,0,0,0,24,0,0,11,0,9,5,2,826
8,0,0,0,0,0,0,0,0,0,0,0,0,27,0,0,24,0,0,0,3,827
10,0,0,0,0,0,0,0,0,0,0,0,0,31,0,0,23,0,0,0,3,828
0,0,0,0,0,0,0,0,0,0,0,0,0,22,0,0,9,0,0,0,2,829
8,0,0,0,0,0,0,0,0,0,0,0,0,20,0,0,6,0,5,0,2,83
8,0,0,0,0,0,0,0,0,0,0,0,0,34,0,0,25,0,0,0,3,830
9,0,0,0,0,0,0,0,0,0,0,0,0,42,0,0,23,0,0,0,10,831
10,0,0,0,0,0,0,0,0,0,0,0,0,32,0,0,9,0,7,13,2,832
9,0,0,0,0,0,0,0,0,0,0,0,0,38,5,0,28,0,0,0,3,833
9,0,0,0,0,0,0,0,0,0,0,0,0,46,0,0,31,0,0,7,10,834
0,0,0,0,0,0,0,0,0,0,0,0,0,36,0,0,21,0,0,0,4,835
9,0,0,0,0,0,0,0,0,0,0,0,0,30,0,0,8,0,0,11,2,836
7,0,0,0,0,0,0,0,0,0,0,0,0,30,0,0,11,0,7,10,2,837
9,0,0,0,0,0,0,0,0,0,0,0,0,31,0,0,27,0,0,0,3,838
9,0,0,0,0,0,0,0,0,0,0,0,0,48,0,0,10,0,6,19,2,839
9,0,0,0,0,0,0,0,0,0,0,0,0,29,0,0,20,0,0,0,3,84
7,0,0,0,0,0,0,0,0,0,0,0,0,37,0,0,14,0,0,12,2,840
0,0,0,0,0,0,0,0,0,0,0,0,0,26,0,0,13,0,6,6,2,841
11,0,0,0,0,0,0,0,0,0,0,0,0,16,0,0,6,0,0,0,2,842
11,0,0,0,0,0,0,0,0,0,0,0,0,39,0,0,22,0,6,7,1,843
7,0,0,0,0,0,0,0,0,0,0,0,0,44,5,0,33,0,0,0,10,844
11,0,0,0,0,0,0,0,0,0,0,0,0,28,0,0,7,0,0,8,2,845
0,0,0,0,0,0,0,0,0,0,0,0,0,25,0,0,16,0,0,0,4,846
12,0,0,0,0,0,0,0,0,0,0,0,0,40,0,0,24,0,0,5,1,847
8,0,0,0,0,0,0,0,0,0,0,0,0,35,0,0,26,0,0,0,3,848
10,0,0,0,0,0,0,0,0,0,0,0,0,42,5,0,29,0,0,0,10,849
14,0,0,0,0,0,0,0,0,0,0,0,0,30,0,0,21,0,0,0,3,85
12,0,0,0,0,0,0,0,0,0,0,0,0,20,0,0,15,0,6,0,3,850
7,0,0,0,0,0,0,0,0,0,0,0,0,32,0,0,21,0,0,0,3,851
9,0,0,0,0,0,0,0,0,0,0,0,0,28,0,0,7,0,8,11,2,852
8,0,0,0,0,0,0,0,0,0,0,0,0,43,0,0,15,0,0,12,1,853
5,0,0,0,0,0,0,0,0,0,0,0,0,31,0,0,13,0,5,6,2,854
0,0,0,0,0,0,0,0,0,0,0,0,0,39,5,0,26,0,0,0,4,855
8,0,0,0,0,0,0,0,0,0,0,0,0,38,0,0,24,0,0,0,3,856
10,0,0,0,0,0,0,0,0,0,0,0,0,36,0,0,23,0,0,6,1,857
9,0,0,0,0,0,0,0,0,0,0,0,0,33,0,0,20,0,0,0,14,858
7,0,0,0,0,0,0,0,0,0,0,0,0,35,0,0,9,0,6,16,2,859
8,0,0,0,0,0,0,0,0,0,0,0,0,31,0,0,19,0,0,0,3,86
10,0,0,0,0,0,0,0,0,0,0,0,0,32,0,0,13,0,6,7,2,860
7,0,0,0,0,0,0,0,0,0,0,0,0,31,0,0,26,0,0,0,3,861
9,0,0,0,0,0,0,0,0,0,0,0,0,28,0,0,9,0,5,5,2,862
9,0,0,0,0,0,0,0,0,0,0,0,0,34,0,0,13,0,6,7,2,863
5,0,0,0,0,0,0,0,0,0,0,0,0,26,0,0,15,0,5,5,2,864
0,0,0,0,0,0,0,0,0,0,0,0,0,33,0,0,14,0,8,0,4,865
6,0,0,0,0,0,0,0,0,0,0,0,0,26,0,0,15,0,0,0,3,866
10,0,0,0,0,0,0,0,0,0,0,0,0,47,0,0,28,0,0,6,10,867
6,0,0,0,0,0,0,0,0,0,0,0,0,45,0,0,27,0,0,7,10,868
8,0,0,0,0,0,0,0,0,0,0,0,0,33,0,0,22,0,0,5,1,869
12,0,0,0,0,0,0,0,0,0,0,0,0,26,0,0,11,0,6,8,2,87
5,0,0,0,0,0,0,0,0,0,0,0,0,31,0,0,8,0,6,9,2,870
6,0,0,0,0,0,0,0,0,0,0,0,0,28,0,0,7,0,6,10,2,871
8,0,0,0,0,0,0,0,0,0,0,0,0,33,0,0,8,0,5,12,2,872
18,0,0,0,0,0,0,0,0,0,0,0,0,41,5,0,37,0,0,0,10,873
9,0,0,0,0,0,0,0,0,0,0,0,0,36,0,0,24,0,0,0,3,874
11,0,0,0,0,0,0,0,0,0,0,0,0,25,0,0,13,0,5,8,2,875
7,0,0,0,0,0,0,0,0,0,0,0,0,38,0,0,29,0,0,0,10,876
10,0,0,0,0,0,0,0,0,0,0,0,0,26,0,0,12,0,5,8,2,877
10,0,0,0,0,0,0,0,0,0,0,0,0,34,0,0,17,0,5,0,1,878
10,0,0,0,0,0,0,0,0,0,0,0,0,35,0,0,32,0,0,0,3,879
5,0,0,0,0,0,0,0,0,0,0,0,0,32,0,0,20,0,0,0,4,88
5,0,0,0,0,0,0,0,0,0,0,0,0,16,0,0,5,0,0,5,2,880
5,0,0,0,0,0,0,0,0,0,0,0,0,32,0,0,9,0,0,11,2,881
9,0,0,0,0,0,0,0,0,0,0,0,0,34,0,0,22,0,0,0,3,882
6,0,0,0,0,0,0,0,0,0,0,0,0,21,0,0,10,0,6,7,2,883
7,0,0,0,0,0,0,0,0,0,0,0,0,35,0,0,32,0,0,0,3,884
7,0,0,0,0,0,0,0,0,0,0,0,0,32,0,0,18,0,0,7,1,885
8,0,0,0,0,0,0,0,0,0,0,0,0,36,6,0,28,0,0,0,3,886
6,0,0,0,0,0,0,0,0,0,0,0,0,32,0,0,19,0,6,8,1,887
5,0,0,0,0,0,0,0,0,0,0,0,0,29,0,0,16,0,0,0,4,888
0,0,0,0,0,0,0,0,0,0,0,0,0,29,0,0,12,0,6,6,2,889
8,0,0,0,0,0,0,0,0,0,0,0,0,30,0,0,19,0,0,0,3,89
11,0,0,0,0,0,0,0,0,0,0,0,0,36,0,0,14,0,6,8,1,890
5,0,0,0,0,0,0,0,0,0,0,0,0,41,0,0,31,0,0,0,10,891
6,0,0,0,0,0,0,0,0,0,0,0,0,35,0,0,22,0,0,5,1,892
0,0,0,0,0,0,0,0,0,0,0,0,0,34,0,0,10,0,0,14,2,893
8,0,0,0,0,0,0,0,0,0,0,0,0,34,0,0,16,0,7,8,1,894
5,0,0,0,0,0,0,0,0,0,0,0,0,34,0,0,30,0,0,0,4,895
8,0,0,0,0,0,0,0,0,0,0,0,0,22,0,0,5,0,0,8,2,896
11,0,0,0,0,0,0,0,0,0,0,0,0,35,0,0,11,0,6,16,2,897
5,0,0,0,0,0,0,0,0,0,0,0,0,34,0,0,32,0,0,0,4,898
8,0,0,0,0,0,0,0,0,0,0,0,0,28,0,0,6,0,0,9,2,899
0,0,0,0,0,0,0,0,0,0,0,0,0,35,0,0,8,0,0,14,2,9
9,0,0,0,0,0,0,0,0,0,0,0,0,33,0,0,22,0,0,0,3,90
10,0,0,0,0,0,0,0,0,0,0,0,0,34,0,0,10,0,6,11,2,900
8,0,0,0,0,0,0,0,0,0,0,0,0,36,0,0,15,0,11,11,2,901
10,0,0,0,0,0,0,0,0,0,0,0,0,32,0,0,9,0,5,11,2,902
5,0,0,0,0,0,0,0,0,0,0,0,0,31,0,0,13,0,8,6,2,903
5,0,0,0,0,0,0,0,0,0,0,0,0,32,0,0,14,0,10,9,2,904
5,0,0,0,0,0,0,0,0,0,0,0,0,28,0,0,7,0,0,8,2,905
9,0,0,0,0,0,0,0,0,0,0,0,0,33,0,0,24,0,0,0,3,906
10,0,0,0,0,0,0,0,0,0,0,0,0,40,0,0,34,0,0,0,10,907
6,0,0,0,0,0,0,0,0,0,0,0,0,29,0,0,10,0,0,7,2,908
9,0,0,0,0,0,0,0,0,0,0,0,0,30,0,0,31,0,0,0,3,909
6,0,0,0,0,0,0,0,0,0,0,0,0,28,0,0,17,0,0,0,3,91
9,0,0,0,0,0,0,0,0,0,0,0,0,34,0,0,16,0,8,10,2,910
5,0,0,0,0,0,0,0,0,0,0,0,0,22,0,0,9,0,5,5,2,911
10,0,0,0,0,0,0,0,0,0,0,0,0,31,0,0,24,0,0,0,3,912
12,0,0,0,0,0,0,0,0,0,0,0,0,32,0,0,30,0,0,0,3,913
10,0,0,0,0,0,0,0,0,0,0,0,0,28,0,0,9,0,0,9,2,914
0,0,0,0,0,0,0,0,0,0,0,0,0,32,0,0,13,0,0,5,2,915
6,0,0,0,0,0,0,0,0,0,0,0,0,35,0,0,24,0,0,0,4,916
0,0,0,0,0,0,0,0,0,0,0,0,0,29,0,0,14,0,5,6,2,917
9,0,0,0,0,0,0,0,0,0,0,0,0,19,0,0,8,0,6,6,2,918
10,0,0,0,0,0,0,0,0,0,0,0,0,32,0,0,19,0,5,0,1,919
8,0,0,0,0,0,0,0,0,0,0,0,0,31,0,0,21,0,7,5,1,92
6,0,0,0,0,0,0,0,0,0,0,0,0,29,0,0,10,0,0,7,2,920
0,0,0,0,0,0,0,0,0,0,0,0,0,36,0,0,22,0,0,0,4,921
5,0,0,0,0,0,0,0,0,0,0,0,0,37,0,0,11,0,6,13,2,922
10,0,0,0,0,0,0,0,0,0,0,0,0,32,0,0,10,0,5,12,2,923
6,0,0,0,0,0,0,0,0,0,0,0,0,30,0,0,26,0,0,0,3,924
6,0,0,0,0,0,0,0,0,0,0,0,0,31,0,0,15,0,0,9,2,925
11,0,0,0,0,0,0,0,0,0,0,0,0,26,0,0,11,0,9,8,2,926
15,0,0,0,0,0,0,0,0,0,0,0,0,41,0,0,33,0,0,0,10,927
9,0,0,0,0,0,0,0,0,0,0,0,0,34,0,0,28,0,0,0,3,928
10,0,0,0,0,0,0,0,0,0,0,0,0,33,0,0,14,0,0,7,2,929
0,0,0,0,0,0,0,0,0,0,0,0,0,28,0,0,10,0,0,12,2,93
11,0,0,0,0,0,0,0,0,0,0,0,0,22,0,0,10,0,0,0,2,930
5,0,0,0,0,0,0,0,0,0,0,0,0,31,0,0,27,0,0,0,4,931
8,0,0,0,0,0,0,0,0,0,0,0,0,29,0,0,8,0,6,10,2,932
6,0,0,0,0,0,0,0,0,0,0,0,0,31,0,0,15,0,8,7,2,933
6,0,0,0,0,0,0,0,0,0,0,0,0,35,0,0,9,0,6,9,2,934
10,0,0,0,0,0,0,0,0,0,0,0,0,27,0,0,15,0,0,8,2,935
10,0,0,0,0,0,0,0,0,0,0,0,0,34,0,0,28,0,0,0,3,936
14,0,0,0,0,0,0,0,0,0,0,0,0,41,0,0,31,0,0,0,10,937
9,0,0,0,0,0,0,0,0,0,0,0,0,33,0,0,29,0,0,0,3,938
8,0,0,0,0,0,0,0,0,0,0,0,0,27,0,0,5,0,0,12,2,939
12,0,0,0,0,0,0,0,0,0,0,0,0,30,0,0,23,0,0,0,3,94
6,0,0,0,0,0,0,0,0,0,0,0,0,29,0,0,22,0,0,0,3,940
9,0,0,0,0,0,0,0,0,0,0,0,0,28,0,0,19,0,0,0,3,941
8,0,0,0,0,0,0,0,0,0,0,0,0,38,0,0,14,0,5,11,2,942
7,0,0,0,0,0,0,0,0,0,0,0,0,30,0,0,24,0,0,0,3,943
9,0,0,0,0,0,0,0,0,0,0,0,0,27,0,0,26,0,0,0,3,944
10,0,0,0,0,0,0,0,0,0,0,0,0,26,0,0,21,0,0,0,3,945
12,0,0,0,0,0,0,0,0,0,0,0,0,27,0,0,7,0,5,9,2,946
12,0,0,0,0,0,0,0,0,0,0,0,0,38,0,0,24,0,0,5,1,947
9,0,0,0,0,0,0,0,0,0,0,0,0,38,0,0,17,0,0,9,1,948
10,0,0,0,0,0,0,0,0,0,0,0,0,29,0,0,9,0,5,10,2,949
6,0,0,0,0,0,0,0,0,0,0,0,0,34,0,0,15,0,0,8,2,95
7,0,0,0,0,0,0,0,0,0,0,0,0,31,0,0,10,0,5,9,2,950
8,0,0,0,0,0,0,0,0,0,0,0,0,33,0,0,21,0,6,5,1,951
9,0,0,0,0,0,0,0,0,0,0,0,0,28,0,0,21,0,0,0,3,952
6,0,0,0,0,0,0,0,0,0,0,0,0,33,0,0,20,0,7,0,4,953
10,0,0,0,0,0,0,0,0,0,0,0,0,46,0,0,22,0,0,11,1,954
8,0,0,0,0,0,0,0,0,0,0,0,0,29,0,0,23,0,0,0,3,955
11,0,0,0,0,0,0,0,0,0,0,0,0,34,0,0,13,0,5,11,2,956
5,0,0,0,0,0,0,0,0,0,0,0,0,28,0,0,18,0,0,0,4,957
0,0,0,0,0,0,0,0,0,0,0,0,0,30,0,0,13,0,0,8,2,958
10,0,0,0,0,0,0,0,0,0,0,0,0,36,5,0,19,0,0,6,1,959
0,0,0,0,0,0,0,0,0,0,0,0,0,33,0,0,12,0,7,8,2,96
13,0,0,0,0,0,0,0,0,0,0,0,0,30,0,0,10,0,0,9,2,960
11,0,0,0,0,0,0,0,0,0,0,0,0,29,0,0,8,0,6,7,2,961
10,0,0,0,0,0,0,0,0,0,0,0,0,30,0,0,12,0,7,6,2,962
7,0,0,0,0,0,0,0,0,0,0,0,0,29,0,0,8,0,6,10,2,963
6,0,0,0,0,0,0,0,0,0,0,0,0,34,0,0,22,0,0,0,4,964
11,0,0,0,0,0,0,0,0,0,0,0,0,25,0,0,9,0,0,5,2,965
5,0,0,0,0,0,0,0,0,0,0,0,0,22,0,0,10,0,5,7,2,966
6,0,0,0,0,0,0,0,0,0,0,0,0,30,0,0,16,0,0,8,2,967
13,0,0,0,0,0,0,0,0,0,0,0,0,27,0,0,20,0,0,0,3,968
5,0,0,0,0,0,0,0,0,0,0,0,0,33,0,0,9,0,0,9,2,969
0,0,0,0,0,0,0,0,0,0,0,0,0,26,0,0,16,0,0,0,4,97
8,0,0,0,0,0,0,0,0,0,0,0,0,36,0,0,21,0,5,5,1,970
5,0,0,0,0,0,0,0,0,0,0,0,0,27,0,0,11,0,6,6,2,971
13,0,0,0,0,0,0,0,0,0,0,0,0,41,5,0,31,0,0,0,10,972
6,0,0,0,0,0,0,0,0,0,0,0,0,30,0,0,21,0,0,0,3,973
8,0,0,0,0,0,0,0,0,0,0,0,0,32,0,0,22,0,0,0,3,974
0,0,0,0,0,0,0,0,0,0,0,0,0,29,0,0,8,0,5,7,2,975
8,0,0,0,0,0,0,0,0,0,0,0,0,25,0,0,21,0,0,0,3,976
0,0,0,0,0,0,0,0,0,0,0,0,0,30,0,0,12,0,6,7,2,977
11,0,0,0,0,0,0,0,0,0,0,0,0,27,0,0,18,0,0,0,3,978
7,0,0,0,0,0,0,0,0,0,0,0,0,30,0,0,15,0,5,8,2,979
7,0,0,0,0,0,0,0,0,0,0,0,0,35,0,0,28,0,0,0,3,98
5,0,0,0,0,0,0,0,0,0,0,0,0,43,0,0,19,0,0,9,1,980
13,0,0,0,0,0,0,0,0,0,0,0,0,37,0,0,25,0,0,0,3,981
6,0,0,0,0,0,0,0,0,0,0,0,0,31,0,0,6,0,0,9,2,982
9,0,0,0,0,0,0,0,0,0,0,0,0,27,0,0,10,0,0,6,2,983
13,0,0,0,0,0,0,0,0,0,0,0,0,32,0,0,19,0,8,6,1,984
8,0,0,0,0,0,0,0,0,0,0,0,0,26,0,0,22,0,0,0,3,985
7,0,0,0,0,0,0,0,0,0,0,0,0,28,0,0,6,0,0,8,2,986
9,0,0,0,0,0,0,0,0,0,0,0,0,47,0,0,38,0,0,0,10,987
8,0,0,0,0,0,0,0,0,0,0,0,0,35,0,0,21,0,5,0,1,988
8,0,0,0,0,0,0,0,0,0,0,0,0,25,0,0,11,0,0,0,2,989
6,0,0,0,0,0,0,0,0,0,0,0,0,33,0,0,20,0,0,0,4,99
8,0,0,0,0,0,0,0,0,0,0,0,0,28,0,0,10,0,5,7,2,990
6,0,0,0,0,0,0,0,0,0,0,0,0,26,0,0,12,0,0,9,2,991
12,0,0,0,0,0,0,0,0,0,0,0,0,38,0,0,23,0,0,0,1,992
13,0,0,0,0,0,0,0,0,0,0,0,0,31,0,0,21,0,0,0,3,993
10,0,0,0,0,0,0,0,0,0,0,0,0,40,0,0,19,0,0,9,1,994
9,0,0,0,0,0,0,0,0,0,0,0,0,32,0,0,7,0,0,10,2,995
7,0,0,0,0,0,0,0,0,0,0,0,0,39,0,0,15,0,10,14,2,996
7,0,0,0,0,0,0,0,0,0,0,0,0,23,0,0,7,0,5,7,2,997
5,0,0,0,0,0,0,0,0,0,0,0,0,39,0,0,19,0,0,10,1,998
11,0,0,0,0,0,0,0,0,0,0,0,0,38,0,0,26,0,0,0,3,999
